image_path,flagged_pixel_fraction,likely_overlay,max_channel_divergence,mean_channel_divergence,split,class_label
/teamspace/studios/this_studio/MMOTU-ex/data/raw/OTU_2d/images/427.JPG,0.1204234568285919,True,203,16.427258280621942,train,3
/teamspace/studios/this_studio/MMOTU-ex/data/raw/OTU_2d/images/834.JPG,0.08291303904066985,True,204,13.58161989989967,train,1
/teamspace/studios/this_studio/MMOTU-ex/data/raw/OTU_2d/images/823.JPG,0.06829842378081033,True,255,12.748993138988379,train,1
/teamspace/studios/this_studio/MMOTU-ex/data/raw/OTU_2d/images/436.JPG,0.06327684636508166,True,254,13.793051741581154,train,2
/teamspace/studios/this_studio/MMOTU-ex/data/raw/OTU_2d/images/454.JPG,0.06208056297769216,True,255,15.241257845025787,val,0
/teamspace/studios/this_studio/MMOTU-ex/data/raw/OTU_2d/images/1310.JPG,0.05799938020909788,True,254,8.98348855289698,train,0
/teamspace/studios/this_studio/MMOTU-ex/data/raw/OTU_2d/images/458.JPG,0.05434906644106479,True,255,9.341788813032444,train,1
/teamspace/studios/this_studio/MMOTU-ex/data/raw/OTU_2d/images/435.JPG,0.050228392297357816,True,255,10.913148231079266,val,2
/teamspace/studios/this_studio/MMOTU-ex/data/raw/OTU_2d/images/1468.JPG,0.04589579090811655,True,255,12.052847146728729,val,7
/teamspace/studios/this_studio/MMOTU-ex/data/raw/OTU_2d/images/1301.JPG,0.04586601025148406,True,194,5.222776906393293,train,2
/teamspace/studios/this_studio/MMOTU-ex/data/raw/OTU_2d/images/421.JPG,0.04354474021335506,True,209,6.207996583800208,train,5
/teamspace/studios/this_studio/MMOTU-ex/data/raw/OTU_2d/images/422.JPG,0.04286851121547351,True,255,8.086225077814452,train,5
/teamspace/studios/this_studio/MMOTU-ex/data/raw/OTU_2d/images/1469.JPG,0.04216472009665727,True,200,9.936413612565445,test,7
/teamspace/studios/this_studio/MMOTU-ex/data/raw/OTU_2d/images/867.JPG,0.0403422290214743,True,253,7.9517890532041475,train,1
/teamspace/studios/this_studio/MMOTU-ex/data/raw/OTU_2d/images/1303.JPG,0.03847135080615257,True,255,6.83091858378202,val,4
/teamspace/studios/this_studio/MMOTU-ex/data/raw/OTU_2d/images/401.JPG,0.038414325626416175,True,221,7.697789119387553,test,2
/teamspace/studios/this_studio/MMOTU-ex/data/raw/OTU_2d/images/850.JPG,0.03655439250531913,True,255,10.754759367422794,test,4
/teamspace/studios/this_studio/MMOTU-ex/data/raw/OTU_2d/images/1465.JPG,0.036130567966753166,True,255,10.990901995980723,train,7
/teamspace/studios/this_studio/MMOTU-ex/data/raw/OTU_2d/images/428.JPG,0.03574611956354695,True,190,7.64279237743968,test,3
/teamspace/studios/this_studio/MMOTU-ex/data/raw/OTU_2d/images/900.JPG,0.03528644383282689,True,183,4.060116613901395,train,0
/teamspace/studios/this_studio/MMOTU-ex/data/raw/OTU_2d/images/439.JPG,0.03512231215328819,True,255,10.337088004533943,train,2
/teamspace/studios/this_studio/MMOTU-ex/data/raw/OTU_2d/images/945.JPG,0.03511371612663255,True,227,4.371090726931314,train,2
/teamspace/studios/this_studio/MMOTU-ex/data/raw/OTU_2d/images/476.JPG,0.03444285457374524,True,255,9.684136348353702,train,3
/teamspace/studios/this_studio/MMOTU-ex/data/raw/OTU_2d/images/851.JPG,0.033167860462784034,True,255,10.051798022811342,train,4
/teamspace/studios/this_studio/MMOTU-ex/data/raw/OTU_2d/images/437.JPG,0.03311088295687885,True,255,7.737475842493055,test,2
/teamspace/studios/this_studio/MMOTU-ex/data/raw/OTU_2d/images/268.JPG,0.031672267105169086,True,227,3.7676920235456732,train,2
/teamspace/studios/this_studio/MMOTU-ex/data/raw/OTU_2d/images/570.JPG,0.030735610002641946,True,210,3.7123924555176493,val,1
/teamspace/studios/this_studio/MMOTU-ex/data/raw/OTU_2d/images/457.JPG,0.029850716928315032,True,255,5.716651136823813,train,1
/teamspace/studios/this_studio/MMOTU-ex/data/raw/OTU_2d/images/434.JPG,0.02881274313555161,True,255,8.845749770240838,train,2
/teamspace/studios/this_studio/MMOTU-ex/data/raw/OTU_2d/images/397.JPG,0.0283010016185405,True,255,5.4041933491277865,test,6
/teamspace/studios/this_studio/MMOTU-ex/data/raw/OTU_2d/images/852.JPG,0.02818245146439713,True,253,8.869211315382984,train,4
/teamspace/studios/this_studio/MMOTU-ex/data/raw/OTU_2d/images/1466.JPG,0.027748161513436672,True,255,9.356857759916892,train,7
/teamspace/studios/this_studio/MMOTU-ex/data/raw/OTU_2d/images/866.JPG,0.027375430251281523,True,255,8.39595305275287,val,1
/teamspace/studios/this_studio/MMOTU-ex/data/raw/OTU_2d/images/1257.JPG,0.02736899372413391,True,206,7.829514057551441,train,2
/teamspace/studios/this_studio/MMOTU-ex/data/raw/OTU_2d/images/576.JPG,0.027359848484848483,True,173,7.751727272727273,train,0
/teamspace/studios/this_studio/MMOTU-ex/data/raw/OTU_2d/images/411.JPG,0.027242162299123893,True,255,7.961346028281017,test,4
/teamspace/studios/this_studio/MMOTU-ex/data/raw/OTU_2d/images/1306.JPG,0.02717939884071636,True,255,4.584932032614674,test,1
/teamspace/studios/this_studio/MMOTU-ex/data/raw/OTU_2d/images/423.JPG,0.027012280435096087,True,195,6.082504179868817,train,2
/teamspace/studios/this_studio/MMOTU-ex/data/raw/OTU_2d/images/1467.JPG,0.026729556683850974,True,255,8.179622464989816,train,7
/teamspace/studios/this_studio/MMOTU-ex/data/raw/OTU_2d/images/400.JPG,0.02663097771793424,True,252,3.8206901793858314,train,2
/teamspace/studios/this_studio/MMOTU-ex/data/raw/OTU_2d/images/433.JPG,0.025548605333793776,True,255,7.445433782786821,test,2
/teamspace/studios/this_studio/MMOTU-ex/data/raw/OTU_2d/images/472.JPG,0.02533592548349066,True,255,7.044933205287362,train,1
/teamspace/studios/this_studio/MMOTU-ex/data/raw/OTU_2d/images/831.JPG,0.025334415835459676,True,253,5.128098662336658,train,6
/teamspace/studios/this_studio/MMOTU-ex/data/raw/OTU_2d/images/1296.JPG,0.02527549517883437,True,255,4.842961810668314,test,0
/teamspace/studios/this_studio/MMOTU-ex/data/raw/OTU_2d/images/405.JPG,0.025251951572028968,True,201,3.537899470049783,train,1
/teamspace/studios/this_studio/MMOTU-ex/data/raw/OTU_2d/images/438.JPG,0.025243227486417802,True,255,7.793783393035663,train,2
/teamspace/studios/this_studio/MMOTU-ex/data/raw/OTU_2d/images/563.JPG,0.02487088070199042,True,181,2.9839226853824248,val,1
/teamspace/studios/this_studio/MMOTU-ex/data/raw/OTU_2d/images/430.JPG,0.023897538765243417,True,223,3.648441430254402,train,3
/teamspace/studios/this_studio/MMOTU-ex/data/raw/OTU_2d/images/869.JPG,0.0238625971650663,True,253,5.868175582990398,val,2
/teamspace/studios/this_studio/MMOTU-ex/data/raw/OTU_2d/images/815.JPG,0.023568482284505553,True,255,5.865901639344262,test,1
/teamspace/studios/this_studio/MMOTU-ex/data/raw/OTU_2d/images/431.JPG,0.02341876233961446,True,220,3.3782295038709282,val,3
/teamspace/studios/this_studio/MMOTU-ex/data/raw/OTU_2d/images/305.JPG,0.022429102164738025,True,186,8.001062036346122,train,2
/teamspace/studios/this_studio/MMOTU-ex/data/raw/OTU_2d/images/837.JPG,0.022205973300896235,True,253,6.884447959982096,train,3
/teamspace/studios/this_studio/MMOTU-ex/data/raw/OTU_2d/images/878.JPG,0.021959225101681672,True,200,3.536826290462734,val,4
/teamspace/studios/this_studio/MMOTU-ex/data/raw/OTU_2d/images/440.JPG,0.02176233257488682,True,194,6.85932967402438,train,2
/teamspace/studios/this_studio/MMOTU-ex/data/raw/OTU_2d/images/1294.JPG,0.02067039541333001,True,255,3.596202832393357,val,4
/teamspace/studios/this_studio/MMOTU-ex/data/raw/OTU_2d/images/442.JPG,0.020444014461021436,True,255,6.695546929774742,val,5
/teamspace/studios/this_studio/MMOTU-ex/data/raw/OTU_2d/images/847.JPG,0.020179178542545088,True,237,6.190618644932828,train,2
/teamspace/studios/this_studio/MMOTU-ex/data/raw/OTU_2d/images/1447.JPG,0.019618200103253686,True,216,2.370489738792051,train,7
/teamspace/studios/this_studio/MMOTU-ex/data/raw/OTU_2d/images/841.JPG,0.01958085005176418,True,249,2.9650605780799686,val,2
/teamspace/studios/this_studio/MMOTU-ex/data/raw/OTU_2d/images/1413.JPG,0.01955670426065163,True,255,5.418961466165413,train,1
/teamspace/studios/this_studio/MMOTU-ex/data/raw/OTU_2d/images/469.JPG,0.01945356472795497,True,202,3.0014774859287052,train,2
/teamspace/studios/this_studio/MMOTU-ex/data/raw/OTU_2d/images/474.JPG,0.01915179571417905,True,255,2.641827820503248,train,2
/teamspace/studios/this_studio/MMOTU-ex/data/raw/OTU_2d/images/660.JPG,0.01913888888888889,True,181,6.021711805555555,train,5
/teamspace/studios/this_studio/MMOTU-ex/data/raw/OTU_2d/images/1307.JPG,0.01907352390129008,True,209,6.74519732616027,train,0
/teamspace/studios/this_studio/MMOTU-ex/data/raw/OTU_2d/images/836.JPG,0.019052389812372637,True,255,6.740102366980856,test,3
/teamspace/studios/this_studio/MMOTU-ex/data/raw/OTU_2d/images/849.JPG,0.018750757206273862,True,255,4.941950625491213,val,0
/teamspace/studios/this_studio/MMOTU-ex/data/raw/OTU_2d/images/877.JPG,0.018533388074831143,True,195,3.2661635777686544,val,4
/teamspace/studios/this_studio/MMOTU-ex/data/raw/OTU_2d/images/464.JPG,0.01849214000432841,True,255,3.3382257461585376,test,2
/teamspace/studios/this_studio/MMOTU-ex/data/raw/OTU_2d/images/475.JPG,0.01833037879250973,True,254,9.423919554985023,train,2
/teamspace/studios/this_studio/MMOTU-ex/data/raw/OTU_2d/images/1136.JPG,0.018250975447278266,True,190,2.1755686143890367,train,5
/teamspace/studios/this_studio/MMOTU-ex/data/raw/OTU_2d/images/845.JPG,0.018167415526062904,True,255,7.017085867149499,train,0
/teamspace/studios/this_studio/MMOTU-ex/data/raw/OTU_2d/images/1270.JPG,0.018070465016862203,True,208,2.216231059706455,train,1
/teamspace/studios/this_studio/MMOTU-ex/data/raw/OTU_2d/images/1099.JPG,0.017967988865692414,True,255,6.919256387314842,train,4
/teamspace/studios/this_studio/MMOTU-ex/data/raw/OTU_2d/images/858.JPG,0.017952928089237007,True,255,3.5107050881550674,train,2
/teamspace/studios/this_studio/MMOTU-ex/data/raw/OTU_2d/images/1236.JPG,0.017877178324182383,True,192,2.205791955120554,train,4
/teamspace/studios/this_studio/MMOTU-ex/data/raw/OTU_2d/images/463.JPG,0.017808327096545475,True,255,3.2786307952889273,train,2
/teamspace/studios/this_studio/MMOTU-ex/data/raw/OTU_2d/images/1302.JPG,0.017385757364880537,True,255,3.362845047552772,train,2
/teamspace/studios/this_studio/MMOTU-ex/data/raw/OTU_2d/images/538.JPG,0.0170461445051609,True,169,6.963410746812386,val,0
/teamspace/studios/this_studio/MMOTU-ex/data/raw/OTU_2d/images/856.JPG,0.01698494915870093,True,255,3.295411319640657,test,2
/teamspace/studios/this_studio/MMOTU-ex/data/raw/OTU_2d/images/549.JPG,0.016978819578490498,True,175,6.25531197175444,test,5
/teamspace/studios/this_studio/MMOTU-ex/data/raw/OTU_2d/images/855.JPG,0.016964842494219173,True,255,3.086737598816334,train,6
/teamspace/studios/this_studio/MMOTU-ex/data/raw/OTU_2d/images/399.JPG,0.01667508451715403,True,253,7.736470966156371,train,2
/teamspace/studios/this_studio/MMOTU-ex/data/raw/OTU_2d/images/484.JPG,0.01639570946012682,True,194,1.9690679137941252,train,5
/teamspace/studios/this_studio/MMOTU-ex/data/raw/OTU_2d/images/583.JPG,0.016381038002659623,True,183,5.939487928677118,train,2
/teamspace/studios/this_studio/MMOTU-ex/data/raw/OTU_2d/images/873.JPG,0.016218207555926855,True,255,2.373131903833658,train,2
/teamspace/studios/this_studio/MMOTU-ex/data/raw/OTU_2d/images/483.JPG,0.0161018706911878,True,195,1.9593638267190803,train,5
/teamspace/studios/this_studio/MMOTU-ex/data/raw/OTU_2d/images/429.JPG,0.01608456061830949,True,255,6.117930662792468,train,3
/teamspace/studios/this_studio/MMOTU-ex/data/raw/OTU_2d/images/1297.JPG,0.01605101527623242,True,255,3.283153036119639,train,0
/teamspace/studios/this_studio/MMOTU-ex/data/raw/OTU_2d/images/835.JPG,0.016020165577550264,True,255,6.056475904899573,val,3
/teamspace/studios/this_studio/MMOTU-ex/data/raw/OTU_2d/images/871.JPG,0.01597111124784642,True,198,5.240193514644352,train,2
/teamspace/studios/this_studio/MMOTU-ex/data/raw/OTU_2d/images/875.JPG,0.015740580462754603,True,255,3.13241974881234,test,1
/teamspace/studios/this_studio/MMOTU-ex/data/raw/OTU_2d/images/1372.JPG,0.015701770649856308,True,218,6.139635672568833,train,2
/teamspace/studios/this_studio/MMOTU-ex/data/raw/OTU_2d/images/818.JPG,0.015586227092677363,True,253,5.5649554569134265,train,2
/teamspace/studios/this_studio/MMOTU-ex/data/raw/OTU_2d/images/1106.JPG,0.015503149596779068,True,255,2.006639241195033,val,2
/teamspace/studios/this_studio/MMOTU-ex/data/raw/OTU_2d/images/819.JPG,0.015398305848427503,True,255,5.651330314499415,val,2
/teamspace/studios/this_studio/MMOTU-ex/data/raw/OTU_2d/images/133.JPG,0.01535464778708022,True,204,1.8774100503830233,val,1
/teamspace/studios/this_studio/MMOTU-ex/data/raw/OTU_2d/images/486.JPG,0.01532583379505552,True,209,1.7948348956674998,train,2
/teamspace/studios/this_studio/MMOTU-ex/data/raw/OTU_2d/images/516.JPG,0.015274528691344434,True,166,1.8427061986990432,train,5
/teamspace/studios/this_studio/MMOTU-ex/data/raw/OTU_2d/images/821.JPG,0.015251672357261437,True,254,3.2697737188632865,train,1
/teamspace/studios/this_studio/MMOTU-ex/data/raw/OTU_2d/images/488.JPG,0.015210685015275316,True,202,1.904166967035644,val,2
/teamspace/studios/this_studio/MMOTU-ex/data/raw/OTU_2d/images/404.JPG,0.01505917717048362,True,200,2.156949000894721,val,1
/teamspace/studios/this_studio/MMOTU-ex/data/raw/OTU_2d/images/844.JPG,0.015053384494222824,True,255,5.942997802766859,test,0
/teamspace/studios/this_studio/MMOTU-ex/data/raw/OTU_2d/images/876.JPG,0.014998552336833122,True,255,5.8167791780320925,train,0
/teamspace/studios/this_studio/MMOTU-ex/data/raw/OTU_2d/images/424.JPG,0.014965483049510602,True,255,3.015108208198433,test,1
/teamspace/studios/this_studio/MMOTU-ex/data/raw/OTU_2d/images/832.JPG,0.014765662362505977,True,246,2.8451847202295553,train,6
/teamspace/studios/this_studio/MMOTU-ex/data/raw/OTU_2d/images/452.JPG,0.01454583614882159,True,251,2.743250506787886,test,6
/teamspace/studios/this_studio/MMOTU-ex/data/raw/OTU_2d/images/470.JPG,0.014388712543946108,True,255,2.8665221845387308,val,4
/teamspace/studios/this_studio/MMOTU-ex/data/raw/OTU_2d/images/466.JPG,0.013981206939096852,True,255,6.236109859894166,train,2
/teamspace/studios/this_studio/MMOTU-ex/data/raw/OTU_2d/images/843.JPG,0.013952767619165685,True,233,2.0731187627843553,train,0
/teamspace/studios/this_studio/MMOTU-ex/data/raw/OTU_2d/images/1411.JPG,0.01368422936182015,True,254,1.822629901017855,train,0
/teamspace/studios/this_studio/MMOTU-ex/data/raw/OTU_2d/images/1305.JPG,0.013647835976692736,True,204,5.658527560527218,train,2
/teamspace/studios/this_studio/MMOTU-ex/data/raw/OTU_2d/images/846.JPG,0.013632615768596515,True,254,5.551642747842106,train,2
/teamspace/studios/this_studio/MMOTU-ex/data/raw/OTU_2d/images/857.JPG,0.013581048435801425,True,236,2.6491650561662037,train,2
/teamspace/studios/this_studio/MMOTU-ex/data/raw/OTU_2d/images/882.JPG,0.013521878376144285,True,255,2.6212509179267736,test,0
/teamspace/studios/this_studio/MMOTU-ex/data/raw/OTU_2d/images/865.JPG,0.013502381113593788,True,190,5.501910909487591,test,1
/teamspace/studios/this_studio/MMOTU-ex/data/raw/OTU_2d/images/902.JPG,0.013339068869849363,True,196,1.7795107166395019,test,0
/teamspace/studios/this_studio/MMOTU-ex/data/raw/OTU_2d/images/1290.JPG,0.013012698761517573,True,191,5.119816111259359,test,1
/teamspace/studios/this_studio/MMOTU-ex/data/raw/OTU_2d/images/1291.JPG,0.012972281315989858,True,191,5.115449378665013,train,1
/teamspace/studios/this_studio/MMOTU-ex/data/raw/OTU_2d/images/465.JPG,0.012957898374565041,True,255,1.7994631536298202,val,2
/teamspace/studios/this_studio/MMOTU-ex/data/raw/OTU_2d/images/870.JPG,0.01295508165754687,True,255,7.188506380033573,test,2
/teamspace/studios/this_studio/MMOTU-ex/data/raw/OTU_2d/images/451.JPG,0.012910669157235469,True,254,2.699271665594048,test,0
/teamspace/studios/this_studio/MMOTU-ex/data/raw/OTU_2d/images/1292.JPG,0.012825174169031926,True,191,5.108158773349597,train,1
/teamspace/studios/this_studio/MMOTU-ex/data/raw/OTU_2d/images/432.JPG,0.012809775629521509,True,255,8.841843937689934,train,0
/teamspace/studios/this_studio/MMOTU-ex/data/raw/OTU_2d/images/1409.JPG,0.012700691234878632,True,255,2.496094996914303,test,6
/teamspace/studios/this_studio/MMOTU-ex/data/raw/OTU_2d/images/460.JPG,0.012686301503643334,True,255,5.3059802349501775,train,1
/teamspace/studios/this_studio/MMOTU-ex/data/raw/OTU_2d/images/879.JPG,0.012539726037147626,True,200,2.465078455586913,test,4
/teamspace/studios/this_studio/MMOTU-ex/data/raw/OTU_2d/images/408.JPG,0.012448833682953466,True,200,1.897745932228691,val,1
/teamspace/studios/this_studio/MMOTU-ex/data/raw/OTU_2d/images/1309.JPG,0.012385824756156707,True,254,5.912713194481866,test,0
/teamspace/studios/this_studio/MMOTU-ex/data/raw/OTU_2d/images/248.JPG,0.012310964083175804,True,207,7.640504883427852,train,1
/teamspace/studios/this_studio/MMOTU-ex/data/raw/OTU_2d/images/863.JPG,0.012230844339380235,True,251,2.347461804782325,test,0
/teamspace/studios/this_studio/MMOTU-ex/data/raw/OTU_2d/images/872.JPG,0.012216954890332966,True,254,1.6850875324029686,train,2
/teamspace/studios/this_studio/MMOTU-ex/data/raw/OTU_2d/images/1410.JPG,0.012149737302977233,True,158,1.5102725481611208,val,2
/teamspace/studios/this_studio/MMOTU-ex/data/raw/OTU_2d/images/996.JPG,0.01208989501312336,True,202,5.563070045931759,test,2
/teamspace/studios/this_studio/MMOTU-ex/data/raw/OTU_2d/images/767.JPG,0.011969195912622582,True,142,1.262186609605108,train,2
/teamspace/studios/this_studio/MMOTU-ex/data/raw/OTU_2d/images/578.JPG,0.011855515587529977,True,156,5.570717176258992,train,0
/teamspace/studios/this_studio/MMOTU-ex/data/raw/OTU_2d/images/462.JPG,0.011822267266913366,True,255,2.113206213024725,train,2
/teamspace/studios/this_studio/MMOTU-ex/data/raw/OTU_2d/images/822.JPG,0.011818319914932401,True,255,1.895570842646644,val,6
/teamspace/studios/this_studio/MMOTU-ex/data/raw/OTU_2d/images/580.JPG,0.011715909090909091,True,157,5.647931818181818,train,0
/teamspace/studios/this_studio/MMOTU-ex/data/raw/OTU_2d/images/1448.JPG,0.011654635187007505,True,197,4.612279621102289,val,7
/teamspace/studios/this_studio/MMOTU-ex/data/raw/OTU_2d/images/1450.JPG,0.011645870025970924,True,193,4.733055464342219,test,7
/teamspace/studios/this_studio/MMOTU-ex/data/raw/OTU_2d/images/1308.JPG,0.011604949104949105,True,255,5.600171787671788,train,0
/teamspace/studios/this_studio/MMOTU-ex/data/raw/OTU_2d/images/780.JPG,0.011595614916648128,True,175,4.810454081671794,test,0
/teamspace/studios/this_studio/MMOTU-ex/data/raw/OTU_2d/images/448.JPG,0.01148616421539881,True,195,5.116323801928174,val,0
/teamspace/studios/this_studio/MMOTU-ex/data/raw/OTU_2d/images/721.JPG,0.011447836395969175,True,156,1.3618590693538826,train,0
/teamspace/studios/this_studio/MMOTU-ex/data/raw/OTU_2d/images/348.JPG,0.01144739394275264,True,200,4.835670148798803,test,2
/teamspace/studios/this_studio/MMOTU-ex/data/raw/OTU_2d/images/504.JPG,0.011442265501063219,True,169,4.795876884073461,test,2
/teamspace/studios/this_studio/MMOTU-ex/data/raw/OTU_2d/images/456.JPG,0.011399399550765682,True,255,5.239587435300493,train,1
/teamspace/studios/this_studio/MMOTU-ex/data/raw/OTU_2d/images/634.JPG,0.011387039881663537,True,199,1.4497041588439439,val,2
/teamspace/studios/this_studio/MMOTU-ex/data/raw/OTU_2d/images/813.JPG,0.011362786872990955,True,213,2.3720415638782986,train,1
/teamspace/studios/this_studio/MMOTU-ex/data/raw/OTU_2d/images/503.JPG,0.011271841333891659,True,154,5.531402032814344,val,5
/teamspace/studios/this_studio/MMOTU-ex/data/raw/OTU_2d/images/506.JPG,0.011109605744479068,True,152,4.808611449818604,train,2
/teamspace/studios/this_studio/MMOTU-ex/data/raw/OTU_2d/images/377.JPG,0.011077948966147723,True,205,4.677660109780784,test,0
/teamspace/studios/this_studio/MMOTU-ex/data/raw/OTU_2d/images/441.JPG,0.011051537367326841,True,233,5.802369749738171,test,2
/teamspace/studios/this_studio/MMOTU-ex/data/raw/OTU_2d/images/459.JPG,0.011049557986096855,True,255,5.112160040932477,val,1
/teamspace/studios/this_studio/MMOTU-ex/data/raw/OTU_2d/images/783.JPG,0.010955989894960777,True,190,4.168545216251638,train,5
/teamspace/studios/this_studio/MMOTU-ex/data/raw/OTU_2d/images/668.JPG,0.010942062394344552,True,159,5.337697863838943,train,1
/teamspace/studios/this_studio/MMOTU-ex/data/raw/OTU_2d/images/1170.JPG,0.01091511490612109,True,216,1.3729519288822267,train,0
/teamspace/studios/this_studio/MMOTU-ex/data/raw/OTU_2d/images/478.JPG,0.01089942078612801,True,162,4.684732796619431,train,3
/teamspace/studios/this_studio/MMOTU-ex/data/raw/OTU_2d/images/41.JPG,0.010847476138282892,True,218,5.125001462712532,train,0
/teamspace/studios/this_studio/MMOTU-ex/data/raw/OTU_2d/images/573.JPG,0.010810146796879798,True,211,1.4056700623864804,train,5
/teamspace/studios/this_studio/MMOTU-ex/data/raw/OTU_2d/images/412.JPG,0.010787185787185787,True,195,4.726431676431677,train,6
/teamspace/studios/this_studio/MMOTU-ex/data/raw/OTU_2d/images/420.JPG,0.010760114018080904,True,255,2.1168587510050925,val,1
/teamspace/studios/this_studio/MMOTU-ex/data/raw/OTU_2d/images/633.JPG,0.01074156701512652,True,201,1.3786445111162398,train,5
/teamspace/studios/this_studio/MMOTU-ex/data/raw/OTU_2d/images/733.JPG,0.010731414868105516,True,164,1.2632456534772183,train,0
/teamspace/studios/this_studio/MMOTU-ex/data/raw/OTU_2d/images/396.JPG,0.010658815965879245,True,255,2.150087810767795,train,0
/teamspace/studios/this_studio/MMOTU-ex/data/raw/OTU_2d/images/956.JPG,0.010639893831861981,True,191,1.2470178677898949,val,5
/teamspace/studios/this_studio/MMOTU-ex/data/raw/OTU_2d/images/499.JPG,0.010555612123680549,True,180,4.868335803474792,val,4
/teamspace/studios/this_studio/MMOTU-ex/data/raw/OTU_2d/images/637.JPG,0.010527907354415281,True,194,1.270119222950838,train,2
/teamspace/studios/this_studio/MMOTU-ex/data/raw/OTU_2d/images/282.JPG,0.010497166156822961,True,197,5.500197801078701,test,6
/teamspace/studios/this_studio/MMOTU-ex/data/raw/OTU_2d/images/792.JPG,0.010480496616059997,True,182,1.2706866197183098,train,0
/teamspace/studios/this_studio/MMOTU-ex/data/raw/OTU_2d/images/1055.JPG,0.010422977629766265,True,178,1.3917395683397713,train,3
/teamspace/studios/this_studio/MMOTU-ex/data/raw/OTU_2d/images/830.JPG,0.010398191951887533,True,255,2.0286031679148073,test,6
/teamspace/studios/this_studio/MMOTU-ex/data/raw/OTU_2d/images/565.JPG,0.010388532629196529,True,144,1.2566503206337232,test,1
/teamspace/studios/this_studio/MMOTU-ex/data/raw/OTU_2d/images/419.JPG,0.010374903764630213,True,255,2.1011509262958885,train,1
/teamspace/studios/this_studio/MMOTU-ex/data/raw/OTU_2d/images/1102.JPG,0.010371809056826052,True,255,4.512513034410845,train,0
/teamspace/studios/this_studio/MMOTU-ex/data/raw/OTU_2d/images/592.JPG,0.010344452522569455,True,209,1.2421500661197713,train,5
/teamspace/studios/this_studio/MMOTU-ex/data/raw/OTU_2d/images/724.JPG,0.010332234133299853,True,158,1.260325771871065,train,0
/teamspace/studios/this_studio/MMOTU-ex/data/raw/OTU_2d/images/1408.JPG,0.010311131957473421,True,255,6.277734130706691,train,2
/teamspace/studios/this_studio/MMOTU-ex/data/raw/OTU_2d/images/187.JPG,0.010307174201449127,True,198,5.0765972979974405,train,5
/teamspace/studios/this_studio/MMOTU-ex/data/raw/OTU_2d/images/43.JPG,0.010262639476122623,True,187,6.447775779236453,train,4
/teamspace/studios/this_studio/MMOTU-ex/data/raw/OTU_2d/images/403.JPG,0.0102618576593609,True,255,1.7631762057439115,test,1
/teamspace/studios/this_studio/MMOTU-ex/data/raw/OTU_2d/images/771.JPG,0.010250526058979598,True,190,3.714571071330548,train,1
/teamspace/studios/this_studio/MMOTU-ex/data/raw/OTU_2d/images/508.JPG,0.010235391009557372,True,171,4.8075003351784105,train,5
/teamspace/studios/this_studio/MMOTU-ex/data/raw/OTU_2d/images/862.JPG,0.010216677912040728,True,255,2.0342536649696377,train,0
/teamspace/studios/this_studio/MMOTU-ex/data/raw/OTU_2d/images/1320.JPG,0.010210875085155138,True,163,1.2957166965999876,train,6
/teamspace/studios/this_studio/MMOTU-ex/data/raw/OTU_2d/images/394.JPG,0.01021038022559554,True,254,2.1233875501771187,train,0
/teamspace/studios/this_studio/MMOTU-ex/data/raw/OTU_2d/images/854.JPG,0.010138261182102518,True,255,1.9953581561097218,val,6
/teamspace/studios/this_studio/MMOTU-ex/data/raw/OTU_2d/images/285.JPG,0.01011707064282854,True,191,5.450274421124537,train,5
/teamspace/studios/this_studio/MMOTU-ex/data/raw/OTU_2d/images/167.JPG,0.01009437576724293,True,194,6.014164184122665,val,2
/teamspace/studios/this_studio/MMOTU-ex/data/raw/OTU_2d/images/374.JPG,0.010077881619937695,True,187,4.82309968847352,train,0
/teamspace/studios/this_studio/MMOTU-ex/data/raw/OTU_2d/images/860.JPG,0.010069022144524391,True,252,2.2491177077169495,train,2
/teamspace/studios/this_studio/MMOTU-ex/data/raw/OTU_2d/images/768.JPG,0.010051439548312889,True,134,1.0928393346139698,train,2
/teamspace/studios/this_studio/MMOTU-ex/data/raw/OTU_2d/images/1027.JPG,0.010038659178770861,True,205,4.842571233116439,train,0
/teamspace/studios/this_studio/MMOTU-ex/data/raw/OTU_2d/images/896.JPG,0.010020876826722338,True,186,5.125885276866487,train,6
/teamspace/studios/this_studio/MMOTU-ex/data/raw/OTU_2d/images/881.JPG,0.00997822896613761,True,198,1.9679347373032998,train,0
/teamspace/studios/this_studio/MMOTU-ex/data/raw/OTU_2d/images/880.JPG,0.009944392287138008,True,250,1.6859377482487181,train,0
/teamspace/studios/this_studio/MMOTU-ex/data/raw/OTU_2d/images/299.JPG,0.009888886293380675,True,210,4.127457621839644,test,6
/teamspace/studios/this_studio/MMOTU-ex/data/raw/OTU_2d/images/1017.JPG,0.009825079509313947,True,187,1.1644946077141969,val,2
/teamspace/studios/this_studio/MMOTU-ex/data/raw/OTU_2d/images/1067.JPG,0.009775232416741851,True,199,4.696806966618287,train,5
/teamspace/studios/this_studio/MMOTU-ex/data/raw/OTU_2d/images/689.JPG,0.009769732877697562,True,155,1.1679476563137823,val,5
/teamspace/studios/this_studio/MMOTU-ex/data/raw/OTU_2d/images/1436.JPG,0.009761521355724254,True,162,1.1787976382179282,test,7
/teamspace/studios/this_studio/MMOTU-ex/data/raw/OTU_2d/images/707.JPG,0.009755351681957186,True,161,1.3128249235474005,train,2
/teamspace/studios/this_studio/MMOTU-ex/data/raw/OTU_2d/images/827.JPG,0.009723716793507151,True,195,4.067915994495451,train,2
/teamspace/studios/this_studio/MMOTU-ex/data/raw/OTU_2d/images/709.JPG,0.00970326286781983,True,169,1.2117950472380852,train,2
/teamspace/studios/this_studio/MMOTU-ex/data/raw/OTU_2d/images/222.JPG,0.00969281240679988,True,182,1.2331768879401008,test,5
/teamspace/studios/this_studio/MMOTU-ex/data/raw/OTU_2d/images/936.JPG,0.009691730726398227,True,209,1.1752608038718766,train,2
/teamspace/studios/this_studio/MMOTU-ex/data/raw/OTU_2d/images/558.JPG,0.009685929079298945,True,181,1.1790708074815452,train,5
/teamspace/studios/this_studio/MMOTU-ex/data/raw/OTU_2d/images/774.JPG,0.009684388378733946,True,174,1.18744417506699,train,1
/teamspace/studios/this_studio/MMOTU-ex/data/raw/OTU_2d/images/1390.JPG,0.009664958369884728,True,179,1.2209166320390292,train,5
/teamspace/studios/this_studio/MMOTU-ex/data/raw/OTU_2d/images/1165.JPG,0.009644714802080578,True,191,1.1784948132475241,train,0
/teamspace/studios/this_studio/MMOTU-ex/data/raw/OTU_2d/images/413.JPG,0.009631244667741018,True,192,4.843655006793693,val,6
/teamspace/studios/this_studio/MMOTU-ex/data/raw/OTU_2d/images/1093.JPG,0.00961337513061651,True,255,2.085736179529283,train,0
/teamspace/studios/this_studio/MMOTU-ex/data/raw/OTU_2d/images/509.JPG,0.009583333333333333,True,129,4.066813271604938,val,5
/teamspace/studios/this_studio/MMOTU-ex/data/raw/OTU_2d/images/981.JPG,0.009535302851063491,True,183,5.125800893984264,train,5
/teamspace/studios/this_studio/MMOTU-ex/data/raw/OTU_2d/images/939.JPG,0.009521134926530539,True,202,1.106634899353179,train,2
/teamspace/studios/this_studio/MMOTU-ex/data/raw/OTU_2d/images/461.JPG,0.009512966127447306,True,254,1.9765579677257676,train,2
/teamspace/studios/this_studio/MMOTU-ex/data/raw/OTU_2d/images/716.JPG,0.009493229093955047,True,158,1.2024517886586852,train,2
/teamspace/studios/this_studio/MMOTU-ex/data/raw/OTU_2d/images/934.JPG,0.009471651030544426,True,207,1.1683182570722461,train,2
/teamspace/studios/this_studio/MMOTU-ex/data/raw/OTU_2d/images/1340.JPG,0.009465386439070649,True,187,1.1508090327169274,train,5
/teamspace/studios/this_studio/MMOTU-ex/data/raw/OTU_2d/images/811.JPG,0.009450046418207615,True,207,1.1858625904279234,train,2
/teamspace/studios/this_studio/MMOTU-ex/data/raw/OTU_2d/images/864.JPG,0.009439918456143554,True,252,6.138428683355773,train,2
/teamspace/studios/this_studio/MMOTU-ex/data/raw/OTU_2d/images/1059.JPG,0.009423837545822883,True,212,1.260976389156859,train,2
/teamspace/studios/this_studio/MMOTU-ex/data/raw/OTU_2d/images/169.JPG,0.00942181647940075,True,173,6.205547752808989,train,2
/teamspace/studios/this_studio/MMOTU-ex/data/raw/OTU_2d/images/1167.JPG,0.00939663404153736,True,211,1.1544461685366436,val,0
/teamspace/studios/this_studio/MMOTU-ex/data/raw/OTU_2d/images/393.JPG,0.00937299328985584,True,255,2.0255111158241186,test,0
/teamspace/studios/this_studio/MMOTU-ex/data/raw/OTU_2d/images/1098.JPG,0.009364353002878568,True,191,3.748195390288137,test,0
/teamspace/studios/this_studio/MMOTU-ex/data/raw/OTU_2d/images/467.JPG,0.00934949469607282,True,255,5.400272056575223,train,6
/teamspace/studios/this_studio/MMOTU-ex/data/raw/OTU_2d/images/931.JPG,0.009344759030372712,True,191,1.1100921002203699,train,5
/teamspace/studios/this_studio/MMOTU-ex/data/raw/OTU_2d/images/1366.JPG,0.009314080698467684,True,186,4.387495606102559,train,0
/teamspace/studios/this_studio/MMOTU-ex/data/raw/OTU_2d/images/1057.JPG,0.009300191342214652,True,201,1.1381202876731227,test,2
/teamspace/studios/this_studio/MMOTU-ex/data/raw/OTU_2d/images/417.JPG,0.009298721425803952,True,253,1.9289896250376684,train,1
/teamspace/studios/this_studio/MMOTU-ex/data/raw/OTU_2d/images/868.JPG,0.009295441089402013,True,255,2.2195825932504443,train,0
/teamspace/studios/this_studio/MMOTU-ex/data/raw/OTU_2d/images/1322.JPG,0.009292160503732912,True,159,1.0914544217998976,train,6
/teamspace/studios/this_studio/MMOTU-ex/data/raw/OTU_2d/images/271.JPG,0.009286071786071786,True,224,1.1388471805138471,train,5
/teamspace/studios/this_studio/MMOTU-ex/data/raw/OTU_2d/images/480.JPG,0.009283496007098492,True,160,7.8234971162377995,train,3
/teamspace/studios/this_studio/MMOTU-ex/data/raw/OTU_2d/images/450.JPG,0.009258748966657482,True,253,4.329016257922293,train,6
/teamspace/studios/this_studio/MMOTU-ex/data/raw/OTU_2d/images/601.JPG,0.009245853409933284,True,189,1.1211603502594514,train,4
/teamspace/studios/this_studio/MMOTU-ex/data/raw/OTU_2d/images/842.JPG,0.009214509775313686,True,220,1.38876781198327,train,0
/teamspace/studios/this_studio/MMOTU-ex/data/raw/OTU_2d/images/977.JPG,0.009192154123371727,True,167,5.768791128539337,train,3
/teamspace/studios/this_studio/MMOTU-ex/data/raw/OTU_2d/images/204.JPG,0.009185020387220091,True,171,1.211792077773034,train,5
/teamspace/studios/this_studio/MMOTU-ex/data/raw/OTU_2d/images/342.JPG,0.009180542730332728,True,207,1.1433439575824371,test,1
/teamspace/studios/this_studio/MMOTU-ex/data/raw/OTU_2d/images/654.JPG,0.009164319662031333,True,181,4.995610367892977,train,2
/teamspace/studios/this_studio/MMOTU-ex/data/raw/OTU_2d/images/1347.JPG,0.009158189591626124,True,201,1.153345127524694,train,0
/teamspace/studios/this_studio/MMOTU-ex/data/raw/OTU_2d/images/1020.JPG,0.009152970922882427,True,215,1.1565642894325872,val,2
/teamspace/studios/this_studio/MMOTU-ex/data/raw/OTU_2d/images/21.JPG,0.009146341463414634,True,184,1.1427962789243278,train,6
/teamspace/studios/this_studio/MMOTU-ex/data/raw/OTU_2d/images/861.JPG,0.00911924208535068,True,252,2.1287489679072453,train,2
/teamspace/studios/this_studio/MMOTU-ex/data/raw/OTU_2d/images/339.JPG,0.009096090818410677,True,220,1.132908611599297,train,1
/teamspace/studios/this_studio/MMOTU-ex/data/raw/OTU_2d/images/735.JPG,0.009086207887226829,True,139,1.1576028040068185,val,0
/teamspace/studios/this_studio/MMOTU-ex/data/raw/OTU_2d/images/426.JPG,0.00906606329916065,True,201,5.104936183778278,train,3
/teamspace/studios/this_studio/MMOTU-ex/data/raw/OTU_2d/images/1324.JPG,0.009050733468046707,True,145,1.107583026114856,val,5
/teamspace/studios/this_studio/MMOTU-ex/data/raw/OTU_2d/images/1461.JPG,0.009026444540781569,True,188,1.2309833095931133,val,7
/teamspace/studios/this_studio/MMOTU-ex/data/raw/OTU_2d/images/1365.JPG,0.009018350501398459,True,203,4.106039195813396,test,0
/teamspace/studios/this_studio/MMOTU-ex/data/raw/OTU_2d/images/1105.JPG,0.00901353625754784,True,252,2.058709628530634,test,2
/teamspace/studios/this_studio/MMOTU-ex/data/raw/OTU_2d/images/1344.JPG,0.008984055963921735,True,216,1.1044470485186368,train,0
/teamspace/studios/this_studio/MMOTU-ex/data/raw/OTU_2d/images/828.JPG,0.00896817500353956,True,252,4.65111782172649,train,1
/teamspace/studios/this_studio/MMOTU-ex/data/raw/OTU_2d/images/705.JPG,0.008909403991595045,True,151,1.1027862274040978,train,5
/teamspace/studios/this_studio/MMOTU-ex/data/raw/OTU_2d/images/1104.JPG,0.008908454153605016,True,255,1.7949953467868338,train,0
/teamspace/studios/this_studio/MMOTU-ex/data/raw/OTU_2d/images/395.JPG,0.008903656311796853,True,255,1.8472592880609706,train,0
/teamspace/studios/this_studio/MMOTU-ex/data/raw/OTU_2d/images/304.JPG,0.008888260743253324,True,159,1.0527406779261772,train,1
/teamspace/studios/this_studio/MMOTU-ex/data/raw/OTU_2d/images/1345.JPG,0.008877449332790839,True,218,1.1147493616845632,test,0
/teamspace/studios/this_studio/MMOTU-ex/data/raw/OTU_2d/images/1412.JPG,0.0088658224884397,True,255,4.369666165882973,test,1
/teamspace/studios/this_studio/MMOTU-ex/data/raw/OTU_2d/images/315.JPG,0.008856004731558476,True,170,1.1790080177981803,val,0
/teamspace/studios/this_studio/MMOTU-ex/data/raw/OTU_2d/images/200.JPG,0.008855147520401757,True,163,1.1069326741996233,train,0
/teamspace/studios/this_studio/MMOTU-ex/data/raw/OTU_2d/images/763.JPG,0.008847254748894093,True,220,1.0928205314404322,train,2
/teamspace/studios/this_studio/MMOTU-ex/data/raw/OTU_2d/images/23.JPG,0.00884537210756723,True,163,1.0802063789868668,val,6
/teamspace/studios/this_studio/MMOTU-ex/data/raw/OTU_2d/images/817.JPG,0.00883442576232545,True,249,2.0008311959722618,train,2
/teamspace/studios/this_studio/MMOTU-ex/data/raw/OTU_2d/images/384.JPG,0.0087801021127408,True,87,6.660226903581301,test,3
/teamspace/studios/this_studio/MMOTU-ex/data/raw/OTU_2d/images/1318.JPG,0.008748957077964217,True,182,1.0859560891196194,val,6
/teamspace/studios/this_studio/MMOTU-ex/data/raw/OTU_2d/images/1025.JPG,0.00873565965583174,True,176,4.645797482472912,test,0
/teamspace/studios/this_studio/MMOTU-ex/data/raw/OTU_2d/images/231.JPG,0.00872740191047604,True,165,1.0556445883003078,train,5
/teamspace/studios/this_studio/MMOTU-ex/data/raw/OTU_2d/images/1295.JPG,0.008713191271695788,True,253,1.6682864638432595,train,3
/teamspace/studios/this_studio/MMOTU-ex/data/raw/OTU_2d/images/418.JPG,0.008693534735845759,True,255,1.8413483913916922,train,1
/teamspace/studios/this_studio/MMOTU-ex/data/raw/OTU_2d/images/121.JPG,0.008679447478114239,True,183,1.0798879512091342,train,5
/teamspace/studios/this_studio/MMOTU-ex/data/raw/OTU_2d/images/468.JPG,0.008659721477785466,True,255,5.251122177501876,train,6
/teamspace/studios/this_studio/MMOTU-ex/data/raw/OTU_2d/images/812.JPG,0.008651857406192395,True,254,1.7806867247789546,train,2
/teamspace/studios/this_studio/MMOTU-ex/data/raw/OTU_2d/images/1462.JPG,0.008620566276268397,True,218,1.3207340441603257,test,7
/teamspace/studios/this_studio/MMOTU-ex/data/raw/OTU_2d/images/445.JPG,0.008620195830938286,True,251,1.8621894586303687,train,0
/teamspace/studios/this_studio/MMOTU-ex/data/raw/OTU_2d/images/691.JPG,0.008616607540696004,True,165,1.0588491006901048,val,5
/teamspace/studios/this_studio/MMOTU-ex/data/raw/OTU_2d/images/24.JPG,0.008583674172974159,True,134,1.0485520191810447,val,6
/teamspace/studios/this_studio/MMOTU-ex/data/raw/OTU_2d/images/1300.JPG,0.008539482386828376,True,255,4.654381865927778,test,0
/teamspace/studios/this_studio/MMOTU-ex/data/raw/OTU_2d/images/1392.JPG,0.008530176080547236,True,167,1.0962441588104366,train,2
/teamspace/studios/this_studio/MMOTU-ex/data/raw/OTU_2d/images/202.JPG,0.008495926664259815,True,154,1.0477145368640808,test,5
/teamspace/studios/this_studio/MMOTU-ex/data/raw/OTU_2d/images/117.JPG,0.00849389097744361,True,156,1.0628015350877194,test,1
/teamspace/studios/this_studio/MMOTU-ex/data/raw/OTU_2d/images/446.JPG,0.008419226451678743,True,253,5.952652154458462,train,0
/teamspace/studios/this_studio/MMOTU-ex/data/raw/OTU_2d/images/247.JPG,0.008411849124886905,True,193,5.1814572738901195,test,5
/teamspace/studios/this_studio/MMOTU-ex/data/raw/OTU_2d/images/124.JPG,0.008358593900506785,True,145,1.0499156670558956,train,5
/teamspace/studios/this_studio/MMOTU-ex/data/raw/OTU_2d/images/718.JPG,0.008358124380223828,True,156,1.0597358939900376,test,0
/teamspace/studios/this_studio/MMOTU-ex/data/raw/OTU_2d/images/883.JPG,0.008355590357055638,True,254,4.978782498808005,train,0
/teamspace/studios/this_studio/MMOTU-ex/data/raw/OTU_2d/images/1034.JPG,0.00834675415051198,True,154,1.0120091460383736,train,5
/teamspace/studios/this_studio/MMOTU-ex/data/raw/OTU_2d/images/859.JPG,0.008325346921920168,True,252,1.9565597656280436,val,2
/teamspace/studios/this_studio/MMOTU-ex/data/raw/OTU_2d/images/453.JPG,0.008325025316555065,True,255,7.050515358710072,train,0
/teamspace/studios/this_studio/MMOTU-ex/data/raw/OTU_2d/images/135.JPG,0.008268936570823364,True,180,1.036366845800808,train,5
/teamspace/studios/this_studio/MMOTU-ex/data/raw/OTU_2d/images/219.JPG,0.008268936570823364,True,174,1.0799082100968893,test,0
/teamspace/studios/this_studio/MMOTU-ex/data/raw/OTU_2d/images/686.JPG,0.00821897346851136,True,165,4.51581246849269,train,5
/teamspace/studios/this_studio/MMOTU-ex/data/raw/OTU_2d/images/266.JPG,0.008184803001876172,True,155,1.0058434959349594,train,5
/teamspace/studios/this_studio/MMOTU-ex/data/raw/OTU_2d/images/386.JPG,0.008102834133498528,True,91,6.6803035465386404,train,1
/teamspace/studios/this_studio/MMOTU-ex/data/raw/OTU_2d/images/142.JPG,0.008099580893779334,True,171,1.014755050465412,test,5
/teamspace/studios/this_studio/MMOTU-ex/data/raw/OTU_2d/images/826.JPG,0.007965643154824736,True,250,4.656642662225454,train,0
/teamspace/studios/this_studio/MMOTU-ex/data/raw/OTU_2d/images/312.JPG,0.007950460702905488,True,165,1.0095122984915315,train,4
/teamspace/studios/this_studio/MMOTU-ex/data/raw/OTU_2d/images/596.JPG,0.007946380777900918,True,189,5.826506532769397,test,1
/teamspace/studios/this_studio/MMOTU-ex/data/raw/OTU_2d/images/1326.JPG,0.007939708915751506,True,167,1.0527354928419703,train,0
/teamspace/studios/this_studio/MMOTU-ex/data/raw/OTU_2d/images/738.JPG,0.007935983312768083,True,168,4.194180034079558,train,2
/teamspace/studios/this_studio/MMOTU-ex/data/raw/OTU_2d/images/382.JPG,0.007911180452134995,True,171,5.75405605591408,train,2
/teamspace/studios/this_studio/MMOTU-ex/data/raw/OTU_2d/images/320.JPG,0.007908776089601598,True,179,8.07375674663838,train,1
/teamspace/studios/this_studio/MMOTU-ex/data/raw/OTU_2d/images/590.JPG,0.007887952716297787,True,200,0.9871793259557344,test,4
/teamspace/studios/this_studio/MMOTU-ex/data/raw/OTU_2d/images/1108.JPG,0.007885376283921506,True,254,4.264565764757603,train,2
/teamspace/studios/this_studio/MMOTU-ex/data/raw/OTU_2d/images/1416.JPG,0.00786473348463473,True,255,4.706292553517757,train,1
/teamspace/studios/this_studio/MMOTU-ex/data/raw/OTU_2d/images/1101.JPG,0.007838214783821478,True,255,4.0421777246463435,test,0
/teamspace/studios/this_studio/MMOTU-ex/data/raw/OTU_2d/images/416.JPG,0.007817037374228892,True,255,1.5469395042930918,test,1
/teamspace/studios/this_studio/MMOTU-ex/data/raw/OTU_2d/images/127.JPG,0.007789869255460737,True,212,5.059316527049244,test,5
/teamspace/studios/this_studio/MMOTU-ex/data/raw/OTU_2d/images/455.JPG,0.007770076289803269,True,255,5.772876652733441,train,1
/teamspace/studios/this_studio/MMOTU-ex/data/raw/OTU_2d/images/684.JPG,0.007769726247987117,True,157,7.061301419997072,train,4
/teamspace/studios/this_studio/MMOTU-ex/data/raw/OTU_2d/images/1100.JPG,0.00776723763281332,True,255,1.7138560445983007,train,2
/teamspace/studios/this_studio/MMOTU-ex/data/raw/OTU_2d/images/225.JPG,0.007739472248866821,True,174,0.9485884632022419,train,6
/teamspace/studios/this_studio/MMOTU-ex/data/raw/OTU_2d/images/243.JPG,0.007722068568817027,True,194,6.879846976967748,train,5
/teamspace/studios/this_studio/MMOTU-ex/data/raw/OTU_2d/images/682.JPG,0.007651437060392918,True,159,7.48245740358962,train,4
/teamspace/studios/this_studio/MMOTU-ex/data/raw/OTU_2d/images/32.JPG,0.007618279169783829,True,187,5.353883755635373,train,0
/teamspace/studios/this_studio/MMOTU-ex/data/raw/OTU_2d/images/740.JPG,0.007532305991292931,True,174,4.007052216956599,train,2
/teamspace/studios/this_studio/MMOTU-ex/data/raw/OTU_2d/images/1015.JPG,0.007499398391238999,True,192,4.629409003223045,train,5
/teamspace/studios/this_studio/MMOTU-ex/data/raw/OTU_2d/images/1103.JPG,0.007466731984677037,True,255,1.4853998185015942,train,0
/teamspace/studios/this_studio/MMOTU-ex/data/raw/OTU_2d/images/245.JPG,0.007412094368616107,True,204,8.148693844346019,train,5
/teamspace/studios/this_studio/MMOTU-ex/data/raw/OTU_2d/images/447.JPG,0.007383177570093458,True,253,5.4619042056074765,train,0
/teamspace/studios/this_studio/MMOTU-ex/data/raw/OTU_2d/images/833.JPG,0.007345696899449435,True,91,1.8648725007244278,train,3
/teamspace/studios/this_studio/MMOTU-ex/data/raw/OTU_2d/images/35.JPG,0.007332554517133956,True,180,5.624598909657321,train,0
/teamspace/studios/this_studio/MMOTU-ex/data/raw/OTU_2d/images/1463.JPG,0.00732118155212813,True,213,1.0498179114871034,train,7
/teamspace/studios/this_studio/MMOTU-ex/data/raw/OTU_2d/images/829.JPG,0.007311069986019535,True,215,1.0548214003403669,train,1
/teamspace/studios/this_studio/MMOTU-ex/data/raw/OTU_2d/images/290.JPG,0.007273866286151812,True,188,5.073879434022823,train,0
/teamspace/studios/this_studio/MMOTU-ex/data/raw/OTU_2d/images/1107.JPG,0.0072662812609792715,True,255,4.116841403430324,train,2
/teamspace/studios/this_studio/MMOTU-ex/data/raw/OTU_2d/images/1012.JPG,0.007200915404040404,True,190,5.147924558080808,train,4
/teamspace/studios/this_studio/MMOTU-ex/data/raw/OTU_2d/images/639.JPG,0.007179438692699223,True,163,4.8823618399281425,train,0
/teamspace/studios/this_studio/MMOTU-ex/data/raw/OTU_2d/images/409.JPG,0.007173466024141774,True,189,1.1193510917167657,train,1
/teamspace/studios/this_studio/MMOTU-ex/data/raw/OTU_2d/images/1298.JPG,0.007160869959864399,True,254,1.4524095173072444,val,3
/teamspace/studios/this_studio/MMOTU-ex/data/raw/OTU_2d/images/748.JPG,0.007121381701670068,True,169,8.191505548606083,train,2
/teamspace/studios/this_studio/MMOTU-ex/data/raw/OTU_2d/images/749.JPG,0.007052238528977277,True,136,5.909920643758027,test,6
/teamspace/studios/this_studio/MMOTU-ex/data/raw/OTU_2d/images/923.JPG,0.007022924112173605,True,195,6.811173894845294,test,5
/teamspace/studios/this_studio/MMOTU-ex/data/raw/OTU_2d/images/925.JPG,0.007010551554945099,True,177,7.076496788484594,val,2
/teamspace/studios/this_studio/MMOTU-ex/data/raw/OTU_2d/images/406.JPG,0.0069943140456843805,True,194,1.1901902532118755,train,1
/teamspace/studios/this_studio/MMOTU-ex/data/raw/OTU_2d/images/398.JPG,0.0069887874775925295,True,255,4.859490027455253,val,4
/teamspace/studios/this_studio/MMOTU-ex/data/raw/OTU_2d/images/477.JPG,0.006984031177579565,True,198,4.2534240195530515,test,3
/teamspace/studios/this_studio/MMOTU-ex/data/raw/OTU_2d/images/816.JPG,0.006967400511217552,True,188,3.507237251418591,train,2
/teamspace/studios/this_studio/MMOTU-ex/data/raw/OTU_2d/images/824.JPG,0.006961234802736367,True,251,4.285427815146272,test,0
/teamspace/studios/this_studio/MMOTU-ex/data/raw/OTU_2d/images/444.JPG,0.00694526284362945,True,254,4.355394756483686,train,2
/teamspace/studios/this_studio/MMOTU-ex/data/raw/OTU_2d/images/425.JPG,0.006930368486912857,True,255,3.4744573843306106,val,1
/teamspace/studios/this_studio/MMOTU-ex/data/raw/OTU_2d/images/1075.JPG,0.006894726028479762,True,170,3.9401798555465994,train,5
/teamspace/studios/this_studio/MMOTU-ex/data/raw/OTU_2d/images/1077.JPG,0.006886177635600149,True,185,6.288751121236416,train,2
/teamspace/studios/this_studio/MMOTU-ex/data/raw/OTU_2d/images/1293.JPG,0.006862617899028501,True,192,1.1843097476302247,train,1
/teamspace/studios/this_studio/MMOTU-ex/data/raw/OTU_2d/images/449.JPG,0.006805951250395695,True,118,4.121776029183437,test,0
/teamspace/studios/this_studio/MMOTU-ex/data/raw/OTU_2d/images/471.JPG,0.006805807622504537,True,254,1.6910575812572184,test,0
/teamspace/studios/this_studio/MMOTU-ex/data/raw/OTU_2d/images/1396.JPG,0.006749319446088294,True,217,0.7935672860693573,train,2
/teamspace/studios/this_studio/MMOTU-ex/data/raw/OTU_2d/images/191.JPG,0.006746019381173465,True,171,0.90487022092045,train,0
/teamspace/studios/this_studio/MMOTU-ex/data/raw/OTU_2d/images/407.JPG,0.006740738119670217,True,192,1.0948480237783518,train,1
/teamspace/studios/this_studio/MMOTU-ex/data/raw/OTU_2d/images/240.JPG,0.006715182682062835,True,181,6.8079292625487025,train,0
/teamspace/studios/this_studio/MMOTU-ex/data/raw/OTU_2d/images/1304.JPG,0.006679029480256431,True,254,5.543322331206774,train,2
/teamspace/studios/this_studio/MMOTU-ex/data/raw/OTU_2d/images/671.JPG,0.006651999424108268,True,196,0.8807386711298276,train,5
/teamspace/studios/this_studio/MMOTU-ex/data/raw/OTU_2d/images/1097.JPG,0.0065870501898597205,True,255,3.960025183465481,train,2
/teamspace/studios/this_studio/MMOTU-ex/data/raw/OTU_2d/images/1069.JPG,0.0065810723514211885,True,207,4.604735949612403,train,5
/teamspace/studios/this_studio/MMOTU-ex/data/raw/OTU_2d/images/307.JPG,0.006580812854442344,True,210,6.354312381852552,test,2
/teamspace/studios/this_studio/MMOTU-ex/data/raw/OTU_2d/images/83.JPG,0.006482391787142538,True,158,0.8478850951991133,val,0
/teamspace/studios/this_studio/MMOTU-ex/data/raw/OTU_2d/images/323.JPG,0.0064643179907731526,True,197,0.8168758953553994,val,1
/teamspace/studios/this_studio/MMOTU-ex/data/raw/OTU_2d/images/358.JPG,0.00646243344045413,True,172,5.112590212130453,train,3
/teamspace/studios/this_studio/MMOTU-ex/data/raw/OTU_2d/images/357.JPG,0.006437617260787992,True,195,5.2106394621638525,test,3
/teamspace/studios/this_studio/MMOTU-ex/data/raw/OTU_2d/images/1464.JPG,0.006435572326239547,True,212,0.9550597189133876,train,7
/teamspace/studios/this_studio/MMOTU-ex/data/raw/OTU_2d/images/251.JPG,0.0063824156664954316,True,173,6.06036442036769,val,1
/teamspace/studios/this_studio/MMOTU-ex/data/raw/OTU_2d/images/874.JPG,0.0063588132768956735,True,255,1.549190783551359,train,1
/teamspace/studios/this_studio/MMOTU-ex/data/raw/OTU_2d/images/954.JPG,0.006246426900888728,True,196,0.7723156280858583,train,4
/teamspace/studios/this_studio/MMOTU-ex/data/raw/OTU_2d/images/669.JPG,0.0062369875697971325,True,202,0.8399764303151043,train,4
/teamspace/studios/this_studio/MMOTU-ex/data/raw/OTU_2d/images/317.JPG,0.006217164249535974,True,180,4.0612396577217105,train,1
/teamspace/studios/this_studio/MMOTU-ex/data/raw/OTU_2d/images/481.JPG,0.006201930442776161,True,255,1.602479955058475,train,0
/teamspace/studios/this_studio/MMOTU-ex/data/raw/OTU_2d/images/349.JPG,0.006200980392156863,True,142,4.339299719887955,val,2
/teamspace/studios/this_studio/MMOTU-ex/data/raw/OTU_2d/images/540.JPG,0.006165439941361512,True,145,6.071961946064808,test,0
/teamspace/studios/this_studio/MMOTU-ex/data/raw/OTU_2d/images/473.JPG,0.006159905800923189,True,209,0.9365653984101516,train,0
/teamspace/studios/this_studio/MMOTU-ex/data/raw/OTU_2d/images/1117.JPG,0.0061233998180729035,True,191,0.9987353848201806,val,1
/teamspace/studios/this_studio/MMOTU-ex/data/raw/OTU_2d/images/848.JPG,0.006113927825827617,True,255,4.781079940042064,test,1
/teamspace/studios/this_studio/MMOTU-ex/data/raw/OTU_2d/images/765.JPG,0.006091061367443277,True,127,0.6833693123968028,test,2
/teamspace/studios/this_studio/MMOTU-ex/data/raw/OTU_2d/images/564.JPG,0.006068851657086951,True,146,0.8119726060902531,train,1
/teamspace/studios/this_studio/MMOTU-ex/data/raw/OTU_2d/images/59.JPG,0.005884617499862509,True,182,3.112259734367266,train,1
/teamspace/studios/this_studio/MMOTU-ex/data/raw/OTU_2d/images/205.JPG,0.005823320211325059,True,191,0.9086217138874148,val,0
/teamspace/studios/this_studio/MMOTU-ex/data/raw/OTU_2d/images/840.JPG,0.0057799091367995966,True,253,1.0967160244545404,train,2
/teamspace/studios/this_studio/MMOTU-ex/data/raw/OTU_2d/images/742.JPG,0.005775816939873477,True,183,0.8045399214123079,train,2
/teamspace/studios/this_studio/MMOTU-ex/data/raw/OTU_2d/images/853.JPG,0.005771716105745333,True,255,1.4524287473139248,train,6
/teamspace/studios/this_studio/MMOTU-ex/data/raw/OTU_2d/images/214.JPG,0.005767524401064774,True,165,4.669460919379193,test,6
/teamspace/studios/this_studio/MMOTU-ex/data/raw/OTU_2d/images/1254.JPG,0.005766188370816265,True,210,0.7906759921904694,val,0
/teamspace/studios/this_studio/MMOTU-ex/data/raw/OTU_2d/images/340.JPG,0.005757433316467217,True,218,0.7253168384715107,val,1
/teamspace/studios/this_studio/MMOTU-ex/data/raw/OTU_2d/images/1251.JPG,0.005751822166887142,True,195,0.7980993696988561,train,0
/teamspace/studios/this_studio/MMOTU-ex/data/raw/OTU_2d/images/839.JPG,0.0057419843612342356,True,254,4.093681760372424,train,3
/teamspace/studios/this_studio/MMOTU-ex/data/raw/OTU_2d/images/1414.JPG,0.005714982899593696,True,255,4.477039363857139,val,2
/teamspace/studios/this_studio/MMOTU-ex/data/raw/OTU_2d/images/838.JPG,0.005706218012824284,True,255,1.4025099515657784,train,3
/teamspace/studios/this_studio/MMOTU-ex/data/raw/OTU_2d/images/210.JPG,0.005703986926571431,True,180,5.652189721094977,val,5
/teamspace/studios/this_studio/MMOTU-ex/data/raw/OTU_2d/images/664.JPG,0.005694693125506133,True,163,5.05580650673482,train,5
/teamspace/studios/this_studio/MMOTU-ex/data/raw/OTU_2d/images/665.JPG,0.00567785224824936,True,165,5.019101300689749,val,5
/teamspace/studios/this_studio/MMOTU-ex/data/raw/OTU_2d/images/986.JPG,0.005676901973198269,True,212,0.7266494822050378,test,3
/teamspace/studios/this_studio/MMOTU-ex/data/raw/OTU_2d/images/479.JPG,0.005643009709497469,True,255,2.963871045981238,val,1
/teamspace/studios/this_studio/MMOTU-ex/data/raw/OTU_2d/images/785.JPG,0.005600765402104856,True,185,0.8305669923925624,test,4
/teamspace/studios/this_studio/MMOTU-ex/data/raw/OTU_2d/images/295.JPG,0.005594085930855149,True,160,5.672182068200637,train,0
/teamspace/studios/this_studio/MMOTU-ex/data/raw/OTU_2d/images/260.JPG,0.005586247760877085,True,205,4.613822795041905,train,2
/teamspace/studios/this_studio/MMOTU-ex/data/raw/OTU_2d/images/1299.JPG,0.005571782676998985,True,255,1.3458711486128256,train,3
/teamspace/studios/this_studio/MMOTU-ex/data/raw/OTU_2d/images/629.JPG,0.0055708945606708655,True,160,3.6564929475203876,train,3
/teamspace/studios/this_studio/MMOTU-ex/data/raw/OTU_2d/images/1095.JPG,0.005559941588363081,True,187,3.9389851236087248,test,2
/teamspace/studios/this_studio/MMOTU-ex/data/raw/OTU_2d/images/1279.JPG,0.0054873172706619245,True,200,4.856642163341375,train,0
/teamspace/studios/this_studio/MMOTU-ex/data/raw/OTU_2d/images/1289.JPG,0.00548260589624022,True,192,3.710102823249371,train,1
/teamspace/studios/this_studio/MMOTU-ex/data/raw/OTU_2d/images/70.JPG,0.0054809554144144715,True,175,0.7728020990356294,test,2
/teamspace/studios/this_studio/MMOTU-ex/data/raw/OTU_2d/images/1280.JPG,0.005465553425029819,True,184,4.302373606980072,train,0
/teamspace/studios/this_studio/MMOTU-ex/data/raw/OTU_2d/images/551.JPG,0.005425597152215857,True,152,4.382162461299152,train,5
/teamspace/studios/this_studio/MMOTU-ex/data/raw/OTU_2d/images/1208.JPG,0.005422643810766822,True,152,0.7377786582452542,val,0
/teamspace/studios/this_studio/MMOTU-ex/data/raw/OTU_2d/images/1400.JPG,0.005399185696583466,True,184,0.7271467824239766,test,2
/teamspace/studios/this_studio/MMOTU-ex/data/raw/OTU_2d/images/820.JPG,0.005370943998037171,True,250,5.363355287370423,test,0
/teamspace/studios/this_studio/MMOTU-ex/data/raw/OTU_2d/images/25.JPG,0.005368169547274025,True,172,0.6774715300834704,train,6
/teamspace/studios/this_studio/MMOTU-ex/data/raw/OTU_2d/images/12.JPG,0.005359949332645258,True,160,0.7182918533461565,test,0
/teamspace/studios/this_studio/MMOTU-ex/data/raw/OTU_2d/images/96.JPG,0.005325076748391438,True,168,2.7087959263776162,val,5
/teamspace/studios/this_studio/MMOTU-ex/data/raw/OTU_2d/images/825.JPG,0.0053226331615943,True,255,4.259165693053188,train,0
/teamspace/studios/this_studio/MMOTU-ex/data/raw/OTU_2d/images/1277.JPG,0.005316073284823285,True,197,5.34289566008316,test,5
/teamspace/studios/this_studio/MMOTU-ex/data/raw/OTU_2d/images/77.JPG,0.005242151290997469,True,191,5.326623693582132,val,6
/teamspace/studios/this_studio/MMOTU-ex/data/raw/OTU_2d/images/927.JPG,0.005228374443642249,True,198,7.292142364113834,train,2
/teamspace/studios/this_studio/MMOTU-ex/data/raw/OTU_2d/images/66.JPG,0.0051749225026886825,True,175,0.6644366419940533,train,2
/teamspace/studios/this_studio/MMOTU-ex/data/raw/OTU_2d/images/1278.JPG,0.005138731184674062,True,204,4.146527434063463,train,0
/teamspace/studios/this_studio/MMOTU-ex/data/raw/OTU_2d/images/326.JPG,0.005106948734993939,True,176,3.8251593477495796,train,0
/teamspace/studios/this_studio/MMOTU-ex/data/raw/OTU_2d/images/10.JPG,0.005091945329391182,True,174,0.6648674871841886,train,0
/teamspace/studios/this_studio/MMOTU-ex/data/raw/OTU_2d/images/1021.JPG,0.005053822295201606,True,206,0.6729976281700419,train,2
/teamspace/studios/this_studio/MMOTU-ex/data/raw/OTU_2d/images/1129.JPG,0.005049063336306869,True,198,0.6842640499553969,test,1
/teamspace/studios/this_studio/MMOTU-ex/data/raw/OTU_2d/images/119.JPG,0.005031446540880503,True,148,0.6468356918238993,train,1
/teamspace/studios/this_studio/MMOTU-ex/data/raw/OTU_2d/images/1096.JPG,0.005019729581669353,True,254,5.237856581423229,val,0
/teamspace/studios/this_studio/MMOTU-ex/data/raw/OTU_2d/images/74.JPG,0.005005213764337852,True,214,3.1661531898758177,train,5
/teamspace/studios/this_studio/MMOTU-ex/data/raw/OTU_2d/images/415.JPG,0.0049998081424350565,True,251,2.69150070987299,train,1
/teamspace/studios/this_studio/MMOTU-ex/data/raw/OTU_2d/images/1415.JPG,0.004992737835875091,True,113,4.099370612442508,train,4
/teamspace/studios/this_studio/MMOTU-ex/data/raw/OTU_2d/images/67.JPG,0.004984971200040244,True,155,0.6988140453253515,train,2
/teamspace/studios/this_studio/MMOTU-ex/data/raw/OTU_2d/images/379.JPG,0.004922990365004571,True,171,5.616956185385751,test,2
/teamspace/studios/this_studio/MMOTU-ex/data/raw/OTU_2d/images/1145.JPG,0.004906290620576335,True,171,0.6328266328266329,val,0
/teamspace/studios/this_studio/MMOTU-ex/data/raw/OTU_2d/images/1440.JPG,0.0049026474296119905,True,166,6.467401285583104,train,7
/teamspace/studios/this_studio/MMOTU-ex/data/raw/OTU_2d/images/984.JPG,0.004885168746835066,True,211,0.6072294539930297,train,3
/teamspace/studios/this_studio/MMOTU-ex/data/raw/OTU_2d/images/269.JPG,0.004873573079764543,True,195,0.6243237768403994,train,2
/teamspace/studios/this_studio/MMOTU-ex/data/raw/OTU_2d/images/1168.JPG,0.004863220067433463,True,213,0.6565287309596116,train,0
/teamspace/studios/this_studio/MMOTU-ex/data/raw/OTU_2d/images/34.JPG,0.004858178850047875,True,166,4.595848964791938,train,0
/teamspace/studios/this_studio/MMOTU-ex/data/raw/OTU_2d/images/160.JPG,0.004849363496813607,True,171,6.9699657327151785,train,0
/teamspace/studios/this_studio/MMOTU-ex/data/raw/OTU_2d/images/71.JPG,0.004844236760124611,True,206,4.035603582554518,train,0
/teamspace/studios/this_studio/MMOTU-ex/data/raw/OTU_2d/images/958.JPG,0.00483259496542229,True,154,0.6631069837900957,train,5
/teamspace/studios/this_studio/MMOTU-ex/data/raw/OTU_2d/images/1139.JPG,0.0048065341332752115,True,147,5.371655596725286,train,0
/teamspace/studios/this_studio/MMOTU-ex/data/raw/OTU_2d/images/1171.JPG,0.004795608668848105,True,177,0.5529650969791815,train,0
/teamspace/studios/this_studio/MMOTU-ex/data/raw/OTU_2d/images/1094.JPG,0.004752154042568939,True,255,0.9129594108685865,train,5
/teamspace/studios/this_studio/MMOTU-ex/data/raw/OTU_2d/images/676.JPG,0.0047488476832695395,True,195,3.1547609446825935,train,0
/teamspace/studios/this_studio/MMOTU-ex/data/raw/OTU_2d/images/519.JPG,0.004726006504696296,True,189,0.6706769717113056,test,2
/teamspace/studios/this_studio/MMOTU-ex/data/raw/OTU_2d/images/227.JPG,0.004725960269893324,True,140,0.5655461947302951,train,6
/teamspace/studios/this_studio/MMOTU-ex/data/raw/OTU_2d/images/673.JPG,0.004725629758877623,True,176,1.585282988087512,train,0
/teamspace/studios/this_studio/MMOTU-ex/data/raw/OTU_2d/images/632.JPG,0.004689192849404117,True,184,0.578178606897797,train,5
/teamspace/studios/this_studio/MMOTU-ex/data/raw/OTU_2d/images/267.JPG,0.004684519859135561,True,201,0.8517933908509863,val,2
/teamspace/studios/this_studio/MMOTU-ex/data/raw/OTU_2d/images/1258.JPG,0.004683978211870774,True,196,7.002347858752818,test,2
/teamspace/studios/this_studio/MMOTU-ex/data/raw/OTU_2d/images/932.JPG,0.0046527025400264835,True,199,0.5980257614060431,train,5
/teamspace/studios/this_studio/MMOTU-ex/data/raw/OTU_2d/images/605.JPG,0.00458955861484855,True,143,0.6196145588005855,test,3
/teamspace/studios/this_studio/MMOTU-ex/data/raw/OTU_2d/images/1052.JPG,0.004587355852840159,True,160,0.6144759203432197,test,1
/teamspace/studios/this_studio/MMOTU-ex/data/raw/OTU_2d/images/975.JPG,0.004543301492065999,True,182,4.7947817162706245,test,0
/teamspace/studios/this_studio/MMOTU-ex/data/raw/OTU_2d/images/658.JPG,0.004528175313059034,True,142,4.805992844364938,train,5
/teamspace/studios/this_studio/MMOTU-ex/data/raw/OTU_2d/images/1190.JPG,0.004512204512204512,True,170,0.5717679217679218,train,0
/teamspace/studios/this_studio/MMOTU-ex/data/raw/OTU_2d/images/494.JPG,0.004502211809791843,True,128,0.6064138741476486,val,6
/teamspace/studios/this_studio/MMOTU-ex/data/raw/OTU_2d/images/515.JPG,0.004495786612044491,True,119,0.576752189530917,train,5
/teamspace/studios/this_studio/MMOTU-ex/data/raw/OTU_2d/images/1438.JPG,0.0044896030245746696,True,138,0.6194076874606175,train,7
/teamspace/studios/this_studio/MMOTU-ex/data/raw/OTU_2d/images/1030.JPG,0.0044853783728632645,True,144,0.5857401855369112,train,0
/teamspace/studios/this_studio/MMOTU-ex/data/raw/OTU_2d/images/31.JPG,0.004465757295116706,True,176,5.188111196571805,test,0
/teamspace/studios/this_studio/MMOTU-ex/data/raw/OTU_2d/images/710.JPG,0.004445954106280193,True,169,0.6008038949275363,test,2
/teamspace/studios/this_studio/MMOTU-ex/data/raw/OTU_2d/images/185.JPG,0.004416230725523619,True,199,4.392727130233743,train,5
/teamspace/studios/this_studio/MMOTU-ex/data/raw/OTU_2d/images/1358.JPG,0.004405799804186676,True,198,4.08761480721712,train,1
/teamspace/studios/this_studio/MMOTU-ex/data/raw/OTU_2d/images/318.JPG,0.00436064556176288,True,196,3.7379034761018,train,1
/teamspace/studios/this_studio/MMOTU-ex/data/raw/OTU_2d/images/548.JPG,0.004341651972834644,True,174,0.580749578490804,val,1
/teamspace/studios/this_studio/MMOTU-ex/data/raw/OTU_2d/images/143.JPG,0.004309206410987087,True,130,3.061715481171548,train,5
/teamspace/studios/this_studio/MMOTU-ex/data/raw/OTU_2d/images/333.JPG,0.004286161592924878,True,86,0.35805184929581063,train,0
/teamspace/studios/this_studio/MMOTU-ex/data/raw/OTU_2d/images/330.JPG,0.004279990286546868,True,84,0.35926356688223715,val,0
/teamspace/studios/this_studio/MMOTU-ex/data/raw/OTU_2d/images/329.JPG,0.004275871730215736,True,92,0.35199689259061157,test,0
/teamspace/studios/this_studio/MMOTU-ex/data/raw/OTU_2d/images/607.JPG,0.004275842050617932,True,157,0.6519096156207785,test,3
/teamspace/studios/this_studio/MMOTU-ex/data/raw/OTU_2d/images/528.JPG,0.004246604554713179,True,150,0.5623607444610305,train,5
/teamspace/studios/this_studio/MMOTU-ex/data/raw/OTU_2d/images/328.JPG,0.004241783234856738,True,86,0.3529936619774312,train,0
/teamspace/studios/this_studio/MMOTU-ex/data/raw/OTU_2d/images/1128.JPG,0.004226787375758739,True,213,0.6971068216390247,train,1
/teamspace/studios/this_studio/MMOTU-ex/data/raw/OTU_2d/images/1233.JPG,0.004223196108598691,True,128,5.585582855455577,test,1
/teamspace/studios/this_studio/MMOTU-ex/data/raw/OTU_2d/images/997.JPG,0.004191803790705702,True,192,4.759867177354397,train,2
/teamspace/studios/this_studio/MMOTU-ex/data/raw/OTU_2d/images/1417.JPG,0.004180292443465011,True,133,3.010618886838569,train,7
/teamspace/studios/this_studio/MMOTU-ex/data/raw/OTU_2d/images/638.JPG,0.004177109440267335,True,210,0.5896503323403908,train,2
/teamspace/studios/this_studio/MMOTU-ex/data/raw/OTU_2d/images/1423.JPG,0.004161582833542415,True,186,3.024346548435325,train,7
/teamspace/studios/this_studio/MMOTU-ex/data/raw/OTU_2d/images/501.JPG,0.004159118357487923,True,149,4.036220561594203,train,4
/teamspace/studios/this_studio/MMOTU-ex/data/raw/OTU_2d/images/334.JPG,0.00413193302256918,True,95,0.3497268110302554,train,0
/teamspace/studios/this_studio/MMOTU-ex/data/raw/OTU_2d/images/39.JPG,0.004097911083948412,True,190,4.416306238540736,test,0
/teamspace/studios/this_studio/MMOTU-ex/data/raw/OTU_2d/images/54.JPG,0.004091129767557518,True,85,3.108311328462659,train,2
/teamspace/studios/this_studio/MMOTU-ex/data/raw/OTU_2d/images/758.JPG,0.004086521315295181,True,169,5.146512934211465,train,1
/teamspace/studios/this_studio/MMOTU-ex/data/raw/OTU_2d/images/1207.JPG,0.0040587522950115236,True,177,0.6339622641509434,train,0
/teamspace/studios/this_studio/MMOTU-ex/data/raw/OTU_2d/images/1192.JPG,0.004050996698055522,True,207,0.5378233153968448,train,3
/teamspace/studios/this_studio/MMOTU-ex/data/raw/OTU_2d/images/757.JPG,0.0040443880937999005,True,166,5.128468006722207,test,1
/teamspace/studios/this_studio/MMOTU-ex/data/raw/OTU_2d/images/759.JPG,0.004041360961057809,True,163,4.947227629260202,val,1
/teamspace/studios/this_studio/MMOTU-ex/data/raw/OTU_2d/images/569.JPG,0.004020186712796832,True,198,0.7670836490485653,test,1
/teamspace/studios/this_studio/MMOTU-ex/data/raw/OTU_2d/images/761.JPG,0.004017102316866974,True,158,5.608728807750309,test,1
/teamspace/studios/this_studio/MMOTU-ex/data/raw/OTU_2d/images/1421.JPG,0.004015235935916479,True,160,5.451604239590583,train,7
/teamspace/studios/this_studio/MMOTU-ex/data/raw/OTU_2d/images/1351.JPG,0.003991839690544109,True,198,0.5341646722187386,test,0
/teamspace/studios/this_studio/MMOTU-ex/data/raw/OTU_2d/images/376.JPG,0.003991433021806853,True,144,3.819186137071651,train,0
/teamspace/studios/this_studio/MMOTU-ex/data/raw/OTU_2d/images/53.JPG,0.0039760302178296555,True,87,3.1719585735518256,train,2
/teamspace/studios/this_studio/MMOTU-ex/data/raw/OTU_2d/images/1362.JPG,0.003973017621145374,True,202,10.831529460352423,train,0
/teamspace/studios/this_studio/MMOTU-ex/data/raw/OTU_2d/images/584.JPG,0.00396547265210661,True,174,4.512048215349902,val,2
/teamspace/studios/this_studio/MMOTU-ex/data/raw/OTU_2d/images/729.JPG,0.0039644510604328114,True,154,3.434660794548494,val,1
/teamspace/studios/this_studio/MMOTU-ex/data/raw/OTU_2d/images/1084.JPG,0.003958100111946266,True,221,5.4994762513993285,test,2
/teamspace/studios/this_studio/MMOTU-ex/data/raw/OTU_2d/images/226.JPG,0.0039461336336336335,True,114,0.4382789039039039,train,6
/teamspace/studios/this_studio/MMOTU-ex/data/raw/OTU_2d/images/1395.JPG,0.00394354381321486,True,199,0.5721890065223556,test,2
/teamspace/studios/this_studio/MMOTU-ex/data/raw/OTU_2d/images/585.JPG,0.003939997840595703,True,186,3.2861741394865374,train,2
/teamspace/studios/this_studio/MMOTU-ex/data/raw/OTU_2d/images/1341.JPG,0.0039360743586095695,True,213,0.5059871010575236,val,5
/teamspace/studios/this_studio/MMOTU-ex/data/raw/OTU_2d/images/1387.JPG,0.003917910447761194,True,153,3.867696672885572,train,1
/teamspace/studios/this_studio/MMOTU-ex/data/raw/OTU_2d/images/1370.JPG,0.0039158794077567335,True,157,4.492608442681937,train,0
/teamspace/studios/this_studio/MMOTU-ex/data/raw/OTU_2d/images/193.JPG,0.003897268778372704,True,156,5.167884155154383,val,5
/teamspace/studios/this_studio/MMOTU-ex/data/raw/OTU_2d/images/1364.JPG,0.0038560196286176324,True,216,9.959982992248927,val,5
/teamspace/studios/this_studio/MMOTU-ex/data/raw/OTU_2d/images/948.JPG,0.0038480456846702016,True,198,0.549859634810567,train,2
/teamspace/studios/this_studio/MMOTU-ex/data/raw/OTU_2d/images/524.JPG,0.0038308225914997153,True,166,0.5847828337733603,train,2
/teamspace/studios/this_studio/MMOTU-ex/data/raw/OTU_2d/images/1373.JPG,0.0038219975490196077,True,196,4.679890471813725,train,2
/teamspace/studios/this_studio/MMOTU-ex/data/raw/OTU_2d/images/560.JPG,0.0038174517001878564,True,186,0.5122595062877364,val,2
/teamspace/studios/this_studio/MMOTU-ex/data/raw/OTU_2d/images/770.JPG,0.0038129919331134263,True,135,0.5219389921290701,test,1
/teamspace/studios/this_studio/MMOTU-ex/data/raw/OTU_2d/images/1394.JPG,0.003811333076078245,True,184,0.46943512719285224,train,5
/teamspace/studios/this_studio/MMOTU-ex/data/raw/OTU_2d/images/950.JPG,0.0038046073048460254,True,178,0.5393799236094533,test,2
/teamspace/studios/this_studio/MMOTU-ex/data/raw/OTU_2d/images/1313.JPG,0.003790467905300441,True,148,5.247840676070341,train,2
/teamspace/studios/this_studio/MMOTU-ex/data/raw/OTU_2d/images/1238.JPG,0.003785006905874401,True,217,0.5014663963090306,train,4
/teamspace/studios/this_studio/MMOTU-ex/data/raw/OTU_2d/images/1331.JPG,0.003775755244415729,True,166,0.5484144442245137,train,0
/teamspace/studios/this_studio/MMOTU-ex/data/raw/OTU_2d/images/762.JPG,0.0037455277280858674,True,131,5.738833654419522,train,1
/teamspace/studios/this_studio/MMOTU-ex/data/raw/OTU_2d/images/760.JPG,0.003743523958695082,True,131,5.710590586617717,train,1
/teamspace/studios/this_studio/MMOTU-ex/data/raw/OTU_2d/images/652.JPG,0.003733269355202222,True,146,4.287410848655369,test,5
/teamspace/studios/this_studio/MMOTU-ex/data/raw/OTU_2d/images/1350.JPG,0.0037204223440152518,True,214,0.515999009478574,train,0
/teamspace/studios/this_studio/MMOTU-ex/data/raw/OTU_2d/images/1153.JPG,0.0037073237885462554,True,207,0.5439647577092511,train,2
/teamspace/studios/this_studio/MMOTU-ex/data/raw/OTU_2d/images/26.JPG,0.003697103599535544,True,87,3.413864608867673,train,6
/teamspace/studios/this_studio/MMOTU-ex/data/raw/OTU_2d/images/443.JPG,0.0036871254077839315,True,124,3.5449207192170546,train,2
/teamspace/studios/this_studio/MMOTU-ex/data/raw/OTU_2d/images/529.JPG,0.0036804139672922563,True,179,0.49365114600218996,train,5
/teamspace/studios/this_studio/MMOTU-ex/data/raw/OTU_2d/images/1269.JPG,0.0036762950584865125,True,193,0.48380878491286705,train,5
/teamspace/studios/this_studio/MMOTU-ex/data/raw/OTU_2d/images/522.JPG,0.003669724770642202,True,166,0.5054806708057896,test,5
/teamspace/studios/this_studio/MMOTU-ex/data/raw/OTU_2d/images/736.JPG,0.003666681377524751,True,143,5.611357517984024,train,2
/teamspace/studios/this_studio/MMOTU-ex/data/raw/OTU_2d/images/306.JPG,0.003651489917352787,True,181,6.124916922740103,val,2
/teamspace/studios/this_studio/MMOTU-ex/data/raw/OTU_2d/images/940.JPG,0.0036498754431350004,True,183,0.50344028456453,train,2
/teamspace/studios/this_studio/MMOTU-ex/data/raw/OTU_2d/images/523.JPG,0.0036397970896434257,True,147,0.49470322508979153,val,5
/teamspace/studios/this_studio/MMOTU-ex/data/raw/OTU_2d/images/165.JPG,0.0036300750942573146,True,159,4.46024055089895,train,5
/teamspace/studios/this_studio/MMOTU-ex/data/raw/OTU_2d/images/814.JPG,0.0036218396312757473,True,252,2.63070809946999,val,6
/teamspace/studios/this_studio/MMOTU-ex/data/raw/OTU_2d/images/951.JPG,0.0036202711147430657,True,190,0.4872193914339278,test,2
/teamspace/studios/this_studio/MMOTU-ex/data/raw/OTU_2d/images/672.JPG,0.003615070366771047,True,193,0.47356746931576865,test,5
/teamspace/studios/this_studio/MMOTU-ex/data/raw/OTU_2d/images/521.JPG,0.0036021436965292175,True,174,0.5028798437137446,train,5
/teamspace/studios/this_studio/MMOTU-ex/data/raw/OTU_2d/images/1427.JPG,0.003596601426899761,True,199,0.4810092400173764,train,7
/teamspace/studios/this_studio/MMOTU-ex/data/raw/OTU_2d/images/901.JPG,0.0035945391414141416,True,126,0.47017440025252527,val,0
/teamspace/studios/this_studio/MMOTU-ex/data/raw/OTU_2d/images/1286.JPG,0.0035802498456277013,True,225,0.49496805680900585,val,0
/teamspace/studios/this_studio/MMOTU-ex/data/raw/OTU_2d/images/989.JPG,0.003557914097480816,True,209,0.48426829084440154,val,5
/teamspace/studios/this_studio/MMOTU-ex/data/raw/OTU_2d/images/1360.JPG,0.00355687493669308,True,174,3.4902215157819283,train,5
/teamspace/studios/this_studio/MMOTU-ex/data/raw/OTU_2d/images/1223.JPG,0.00355044291775399,True,198,0.4602439154284497,train,2
/teamspace/studios/this_studio/MMOTU-ex/data/raw/OTU_2d/images/1381.JPG,0.00354709863113556,True,187,3.736470110809257,train,1
/teamspace/studios/this_studio/MMOTU-ex/data/raw/OTU_2d/images/731.JPG,0.003529549718574109,True,183,0.5271028767979987,train,0
/teamspace/studios/this_studio/MMOTU-ex/data/raw/OTU_2d/images/526.JPG,0.003493166445986065,True,168,0.528218824621165,train,2
/teamspace/studios/this_studio/MMOTU-ex/data/raw/OTU_2d/images/1314.JPG,0.0034903129192275294,True,201,3.970108102205722,test,5
/teamspace/studios/this_studio/MMOTU-ex/data/raw/OTU_2d/images/541.JPG,0.0034850312998531705,True,173,4.538971348077845,val,0
/teamspace/studios/this_studio/MMOTU-ex/data/raw/OTU_2d/images/1220.JPG,0.0034801046336095137,True,173,4.197835881953007,train,4
/teamspace/studios/this_studio/MMOTU-ex/data/raw/OTU_2d/images/679.JPG,0.0034709754637941353,True,175,1.9040639791088625,test,0
/teamspace/studios/this_studio/MMOTU-ex/data/raw/OTU_2d/images/1407.JPG,0.003461895910780669,True,171,0.460831009913259,val,5
/teamspace/studios/this_studio/MMOTU-ex/data/raw/OTU_2d/images/206.JPG,0.003443730329424973,True,193,0.5537136784211821,train,0
/teamspace/studios/this_studio/MMOTU-ex/data/raw/OTU_2d/images/174.JPG,0.0034397379844232365,True,202,5.5853156880259505,train,2
/teamspace/studios/this_studio/MMOTU-ex/data/raw/OTU_2d/images/1243.JPG,0.003434973416805612,True,188,4.576676392865008,val,2
/teamspace/studios/this_studio/MMOTU-ex/data/raw/OTU_2d/images/628.JPG,0.003420649923485462,True,130,0.506214930836859,test,3
/teamspace/studios/this_studio/MMOTU-ex/data/raw/OTU_2d/images/1118.JPG,0.0034169247362014266,True,193,0.5968501851162732,test,1
/teamspace/studios/this_studio/MMOTU-ex/data/raw/OTU_2d/images/701.JPG,0.0034074656546835558,True,169,0.4979306388903134,train,6
/teamspace/studios/this_studio/MMOTU-ex/data/raw/OTU_2d/images/60.JPG,0.003376861935376945,True,196,2.850021407509202,val,1
/teamspace/studios/this_studio/MMOTU-ex/data/raw/OTU_2d/images/1460.JPG,0.003375540675265137,True,148,0.4743262656315009,train,7
/teamspace/studios/this_studio/MMOTU-ex/data/raw/OTU_2d/images/139.JPG,0.003341075646182831,True,201,0.4199806507459647,train,1
/teamspace/studios/this_studio/MMOTU-ex/data/raw/OTU_2d/images/617.JPG,0.003338713600283017,True,130,6.630154553695801,train,1
/teamspace/studios/this_studio/MMOTU-ex/data/raw/OTU_2d/images/1246.JPG,0.0033312835135738544,True,164,0.5021327264822351,test,0
/teamspace/studios/this_studio/MMOTU-ex/data/raw/OTU_2d/images/809.JPG,0.0033287419651056014,True,118,5.2333970200539115,train,5
/teamspace/studios/this_studio/MMOTU-ex/data/raw/OTU_2d/images/496.JPG,0.0033284516043136734,True,163,2.220145806352703,train,1
/teamspace/studios/this_studio/MMOTU-ex/data/raw/OTU_2d/images/414.JPG,0.003291553538884963,True,111,4.310590000123976,train,6
/teamspace/studios/this_studio/MMOTU-ex/data/raw/OTU_2d/images/1161.JPG,0.0032891407752251795,True,174,5.97990704771395,val,0
/teamspace/studios/this_studio/MMOTU-ex/data/raw/OTU_2d/images/574.JPG,0.00327085059375863,True,161,0.4021247583540458,train,5
/teamspace/studios/this_studio/MMOTU-ex/data/raw/OTU_2d/images/1245.JPG,0.00326274448656603,True,190,0.4396148636137721,train,0
/teamspace/studios/this_studio/MMOTU-ex/data/raw/OTU_2d/images/697.JPG,0.0032529451180051657,True,151,2.5306672164602078,train,6
/teamspace/studios/this_studio/MMOTU-ex/data/raw/OTU_2d/images/998.JPG,0.0032497867327456634,True,134,4.418865011983589,train,2
/teamspace/studios/this_studio/MMOTU-ex/data/raw/OTU_2d/images/745.JPG,0.0032469301044309217,True,164,4.453815386052013,train,2
/teamspace/studios/this_studio/MMOTU-ex/data/raw/OTU_2d/images/889.JPG,0.003223916744315881,True,153,5.7513809765322454,train,5
/teamspace/studios/this_studio/MMOTU-ex/data/raw/OTU_2d/images/131.JPG,0.0032219651349456977,True,137,0.4222696200719007,val,1
/teamspace/studios/this_studio/MMOTU-ex/data/raw/OTU_2d/images/1405.JPG,0.0032174159110907813,True,178,0.4348938446569576,train,5
/teamspace/studios/this_studio/MMOTU-ex/data/raw/OTU_2d/images/802.JPG,0.0032115570118356786,True,116,0.44866102187992835,train,0
/teamspace/studios/this_studio/MMOTU-ex/data/raw/OTU_2d/images/973.JPG,0.0032070223546005407,True,138,4.455909352370596,train,0
/teamspace/studios/this_studio/MMOTU-ex/data/raw/OTU_2d/images/4.JPG,0.003198686114261135,True,181,5.1416181128534,train,4
/teamspace/studios/this_studio/MMOTU-ex/data/raw/OTU_2d/images/136.JPG,0.0031896894806903216,True,193,0.42506190193322235,train,5
/teamspace/studios/this_studio/MMOTU-ex/data/raw/OTU_2d/images/695.JPG,0.003186051922514016,True,129,0.44927835361048357,test,6
/teamspace/studios/this_studio/MMOTU-ex/data/raw/OTU_2d/images/517.JPG,0.003181066293421555,True,160,0.5182169063069941,train,2
/teamspace/studios/this_studio/MMOTU-ex/data/raw/OTU_2d/images/789.JPG,0.003164959246242429,True,176,2.7953002318103644,train,5
/teamspace/studios/this_studio/MMOTU-ex/data/raw/OTU_2d/images/699.JPG,0.003134715538921563,True,138,0.43862452721836076,val,6
/teamspace/studios/this_studio/MMOTU-ex/data/raw/OTU_2d/images/490.JPG,0.0031309117323730833,True,173,0.4409788177894831,train,1
/teamspace/studios/this_studio/MMOTU-ex/data/raw/OTU_2d/images/250.JPG,0.0031200155611748686,True,156,6.543586850807236,train,1
/teamspace/studios/this_studio/MMOTU-ex/data/raw/OTU_2d/images/567.JPG,0.003118540040207145,True,169,0.5131028407839683,train,5
/teamspace/studios/this_studio/MMOTU-ex/data/raw/OTU_2d/images/1111.JPG,0.0031152282676672922,True,155,4.629154940587868,train,5
/teamspace/studios/this_studio/MMOTU-ex/data/raw/OTU_2d/images/1379.JPG,0.003114126652748782,True,180,3.6822199025748086,val,1
/teamspace/studios/this_studio/MMOTU-ex/data/raw/OTU_2d/images/97.JPG,0.0030988642140375067,True,148,2.3880108773615785,train,5
/teamspace/studios/this_studio/MMOTU-ex/data/raw/OTU_2d/images/1001.JPG,0.003093553459119497,True,174,4.725805817610063,train,2
/teamspace/studios/this_studio/MMOTU-ex/data/raw/OTU_2d/images/48.JPG,0.0030928816140083745,True,202,0.365861129615531,test,2
/teamspace/studios/this_studio/MMOTU-ex/data/raw/OTU_2d/images/670.JPG,0.0030814528454553626,True,205,0.4107794659714106,train,4
/teamspace/studios/this_studio/MMOTU-ex/data/raw/OTU_2d/images/644.JPG,0.003057938815151137,True,192,3.619342487284971,val,0
/teamspace/studios/this_studio/MMOTU-ex/data/raw/OTU_2d/images/711.JPG,0.003054487747382693,True,178,0.5138511197220532,train,2
/teamspace/studios/this_studio/MMOTU-ex/data/raw/OTU_2d/images/1288.JPG,0.0030512362147902612,True,209,0.36164185852923825,train,0
/teamspace/studios/this_studio/MMOTU-ex/data/raw/OTU_2d/images/1180.JPG,0.003039946800930984,True,213,0.4253995867572318,test,3
/teamspace/studios/this_studio/MMOTU-ex/data/raw/OTU_2d/images/1226.JPG,0.0030375639957137754,True,197,0.3817165734015954,test,2
/teamspace/studios/this_studio/MMOTU-ex/data/raw/OTU_2d/images/1127.JPG,0.0030345992098891298,True,148,1.9783655377851408,val,5
/teamspace/studios/this_studio/MMOTU-ex/data/raw/OTU_2d/images/209.JPG,0.0030322974942409856,True,179,5.112763073354959,train,0
/teamspace/studios/this_studio/MMOTU-ex/data/raw/OTU_2d/images/597.JPG,0.0030255035737491876,True,220,0.39596676877378634,train,2
/teamspace/studios/this_studio/MMOTU-ex/data/raw/OTU_2d/images/1398.JPG,0.003025229601958754,True,185,0.43206975641385453,train,5
/teamspace/studios/this_studio/MMOTU-ex/data/raw/OTU_2d/images/1349.JPG,0.003014277528411804,True,163,0.34935178110973164,val,0
/teamspace/studios/this_studio/MMOTU-ex/data/raw/OTU_2d/images/1206.JPG,0.0030142384649668084,True,173,0.4467347704721916,train,0
/teamspace/studios/this_studio/MMOTU-ex/data/raw/OTU_2d/images/803.JPG,0.003011409424439072,True,163,3.5929160545523953,train,0
/teamspace/studios/this_studio/MMOTU-ex/data/raw/OTU_2d/images/1352.JPG,0.003006378397410723,True,179,3.1346350655154467,train,1
/teamspace/studios/this_studio/MMOTU-ex/data/raw/OTU_2d/images/582.JPG,0.0030046891360759973,True,141,4.709360820674689,test,0
/teamspace/studios/this_studio/MMOTU-ex/data/raw/OTU_2d/images/743.JPG,0.0030029680723814177,True,176,4.743270462930114,test,2
/teamspace/studios/this_studio/MMOTU-ex/data/raw/OTU_2d/images/1160.JPG,0.002998160891445287,True,202,3.8563524149880446,test,0
/teamspace/studios/this_studio/MMOTU-ex/data/raw/OTU_2d/images/1234.JPG,0.0029968977425711666,True,177,4.443616959007278,val,0
/teamspace/studios/this_studio/MMOTU-ex/data/raw/OTU_2d/images/662.JPG,0.0029922179433844887,True,166,4.919839855274357,train,5
/teamspace/studios/this_studio/MMOTU-ex/data/raw/OTU_2d/images/1199.JPG,0.002987925506514769,True,178,3.683316928654264,train,0
/teamspace/studios/this_studio/MMOTU-ex/data/raw/OTU_2d/images/1115.JPG,0.002987293863206272,True,181,3.6589908469470513,train,5
/teamspace/studios/this_studio/MMOTU-ex/data/raw/OTU_2d/images/1010.JPG,0.0029824014643748988,True,136,5.108202787519676,val,4
/teamspace/studios/this_studio/MMOTU-ex/data/raw/OTU_2d/images/552.JPG,0.0029792344645901132,True,115,5.565957694095769,train,5
/teamspace/studios/this_studio/MMOTU-ex/data/raw/OTU_2d/images/68.JPG,0.002958141820690611,True,165,0.43652753844166725,train,2
/teamspace/studios/this_studio/MMOTU-ex/data/raw/OTU_2d/images/630.JPG,0.002950997110269266,True,146,3.248413030677436,val,3
/teamspace/studios/this_studio/MMOTU-ex/data/raw/OTU_2d/images/1162.JPG,0.0029378048069636856,True,191,6.002304389220277,train,0
/teamspace/studios/this_studio/MMOTU-ex/data/raw/OTU_2d/images/1204.JPG,0.0029306637816518535,True,190,3.614316429520275,train,5
/teamspace/studios/this_studio/MMOTU-ex/data/raw/OTU_2d/images/532.JPG,0.0029275734941005237,True,178,3.3037491411219717,test,2
/teamspace/studios/this_studio/MMOTU-ex/data/raw/OTU_2d/images/69.JPG,0.002922867886371536,True,188,0.41364742313647423,test,2
/teamspace/studios/this_studio/MMOTU-ex/data/raw/OTU_2d/images/1209.JPG,0.0029204100302596702,True,201,0.4244857028922615,train,0
/teamspace/studios/this_studio/MMOTU-ex/data/raw/OTU_2d/images/550.JPG,0.002919774978598508,True,151,4.730627828054299,train,5
/teamspace/studios/this_studio/MMOTU-ex/data/raw/OTU_2d/images/1126.JPG,0.0029185437383656156,True,180,2.7099396569024337,train,1
/teamspace/studios/this_studio/MMOTU-ex/data/raw/OTU_2d/images/345.JPG,0.0029150563435424914,True,194,4.7850204092708095,train,1
/teamspace/studios/this_studio/MMOTU-ex/data/raw/OTU_2d/images/544.JPG,0.0029139681051554085,True,177,0.4467478547033894,train,5
/teamspace/studios/this_studio/MMOTU-ex/data/raw/OTU_2d/images/530.JPG,0.002908393112805175,True,182,4.036105676613671,test,5
/teamspace/studios/this_studio/MMOTU-ex/data/raw/OTU_2d/images/1132.JPG,0.0029082633848660634,True,160,0.38605874496194775,test,4
/teamspace/studios/this_studio/MMOTU-ex/data/raw/OTU_2d/images/650.JPG,0.0028989373816511255,True,151,3.45808416353781,train,5
/teamspace/studios/this_studio/MMOTU-ex/data/raw/OTU_2d/images/1262.JPG,0.0028853481666548816,True,188,3.876038057526261,train,2
/teamspace/studios/this_studio/MMOTU-ex/data/raw/OTU_2d/images/184.JPG,0.0028795150290477395,True,185,4.255235393553151,val,5
/teamspace/studios/this_studio/MMOTU-ex/data/raw/OTU_2d/images/534.JPG,0.0028776213688062806,True,189,3.3026361745098933,val,2
/teamspace/studios/this_studio/MMOTU-ex/data/raw/OTU_2d/images/677.JPG,0.002867287757022991,True,179,2.40694672684968,train,0
/teamspace/studios/this_studio/MMOTU-ex/data/raw/OTU_2d/images/27.JPG,0.002866173687393909,True,169,3.6732679062689013,train,0
/teamspace/studios/this_studio/MMOTU-ex/data/raw/OTU_2d/images/249.JPG,0.002863930109165358,True,115,6.572852443131647,train,1
/teamspace/studios/this_studio/MMOTU-ex/data/raw/OTU_2d/images/351.JPG,0.002863444646519367,True,142,4.241581156142159,train,2
/teamspace/studios/this_studio/MMOTU-ex/data/raw/OTU_2d/images/156.JPG,0.0028622714767916023,True,176,3.291499034202876,test,5
/teamspace/studios/this_studio/MMOTU-ex/data/raw/OTU_2d/images/1371.JPG,0.002857413702043525,True,200,3.689886457948427,val,5
/teamspace/studios/this_studio/MMOTU-ex/data/raw/OTU_2d/images/1122.JPG,0.0028524857375713123,True,151,2.472612909212682,train,1
/teamspace/studios/this_studio/MMOTU-ex/data/raw/OTU_2d/images/111.JPG,0.0028505795336933454,True,183,0.4107708409792168,train,5
/teamspace/studios/this_studio/MMOTU-ex/data/raw/OTU_2d/images/1458.JPG,0.0028376766152966347,True,154,0.40568324114335297,train,7
/teamspace/studios/this_studio/MMOTU-ex/data/raw/OTU_2d/images/78.JPG,0.0028307138745867944,True,205,4.815791294611264,val,6
/teamspace/studios/this_studio/MMOTU-ex/data/raw/OTU_2d/images/674.JPG,0.0028249299619021555,True,181,1.7070282961117154,val,0
/teamspace/studios/this_studio/MMOTU-ex/data/raw/OTU_2d/images/75.JPG,0.0028237936958411354,True,175,3.318085373221917,train,5
/teamspace/studios/this_studio/MMOTU-ex/data/raw/OTU_2d/images/979.JPG,0.0028234828234828236,True,197,4.935265815265815,val,3
/teamspace/studios/this_studio/MMOTU-ex/data/raw/OTU_2d/images/1227.JPG,0.0028183716075156576,True,155,0.41878323551423957,train,2
/teamspace/studios/this_studio/MMOTU-ex/data/raw/OTU_2d/images/1217.JPG,0.0028158539939035017,True,167,0.37660594699067707,train,0
/teamspace/studios/this_studio/MMOTU-ex/data/raw/OTU_2d/images/1202.JPG,0.00281485304121414,True,180,3.6536127856880363,val,5
/teamspace/studios/this_studio/MMOTU-ex/data/raw/OTU_2d/images/575.JPG,0.0028103420587762967,True,162,4.737208164139271,train,0
/teamspace/studios/this_studio/MMOTU-ex/data/raw/OTU_2d/images/1328.JPG,0.0028008086016465005,True,197,0.36627115499174795,train,0
/teamspace/studios/this_studio/MMOTU-ex/data/raw/OTU_2d/images/1369.JPG,0.002797394852479598,True,161,4.2653248587570625,train,0
/teamspace/studios/this_studio/MMOTU-ex/data/raw/OTU_2d/images/1116.JPG,0.00279301842846423,True,177,3.7410698449514195,test,1
/teamspace/studios/this_studio/MMOTU-ex/data/raw/OTU_2d/images/1198.JPG,0.002792389116176375,True,179,3.6976505754997864,test,0
/teamspace/studios/this_studio/MMOTU-ex/data/raw/OTU_2d/images/489.JPG,0.0027863517990676058,True,199,0.3885582352448888,train,2
/teamspace/studios/this_studio/MMOTU-ex/data/raw/OTU_2d/images/806.JPG,0.002784536361178697,True,170,4.173747731047001,train,5
/teamspace/studios/this_studio/MMOTU-ex/data/raw/OTU_2d/images/177.JPG,0.0027790072344275715,True,176,3.3163994720082095,train,1
/teamspace/studios/this_studio/MMOTU-ex/data/raw/OTU_2d/images/1212.JPG,0.002778084730614959,True,165,0.3755958923894437,val,0
/teamspace/studios/this_studio/MMOTU-ex/data/raw/OTU_2d/images/1082.JPG,0.0027778326583028745,True,176,4.592593104810827,train,2
/teamspace/studios/this_studio/MMOTU-ex/data/raw/OTU_2d/images/63.JPG,0.002776088210982704,True,164,0.34956877056722657,train,1
/teamspace/studios/this_studio/MMOTU-ex/data/raw/OTU_2d/images/291.JPG,0.002773497688751926,True,116,4.42817630162263,train,0
/teamspace/studios/this_studio/MMOTU-ex/data/raw/OTU_2d/images/181.JPG,0.0027728644565477543,True,197,3.3424185994018396,test,2
/teamspace/studios/this_studio/MMOTU-ex/data/raw/OTU_2d/images/692.JPG,0.0027637823667566487,True,176,0.44472337812947677,train,6
/teamspace/studios/this_studio/MMOTU-ex/data/raw/OTU_2d/images/170.JPG,0.002760119787634976,True,171,4.863649691539021,train,2
/teamspace/studios/this_studio/MMOTU-ex/data/raw/OTU_2d/images/1401.JPG,0.002754185547987952,True,174,0.3990952471401824,train,2
/teamspace/studios/this_studio/MMOTU-ex/data/raw/OTU_2d/images/1264.JPG,0.0027436080604771288,True,171,2.946652719665272,train,0
/teamspace/studios/this_studio/MMOTU-ex/data/raw/OTU_2d/images/796.JPG,0.002742767708969795,True,159,0.42299723024792846,train,0
/teamspace/studios/this_studio/MMOTU-ex/data/raw/OTU_2d/images/944.JPG,0.002735317779565567,True,185,0.4905690736046388,train,2
/teamspace/studios/this_studio/MMOTU-ex/data/raw/OTU_2d/images/648.JPG,0.002734027402913471,True,179,2.950284548876267,train,5
/teamspace/studios/this_studio/MMOTU-ex/data/raw/OTU_2d/images/1.JPG,0.002730187210063245,True,184,3.9826926325723373,test,4
/teamspace/studios/this_studio/MMOTU-ex/data/raw/OTU_2d/images/1195.JPG,0.0027297382973477512,True,194,3.5311816342424636,train,6
/teamspace/studios/this_studio/MMOTU-ex/data/raw/OTU_2d/images/1374.JPG,0.002728865374680014,True,176,3.94850504791538,test,4
/teamspace/studios/this_studio/MMOTU-ex/data/raw/OTU_2d/images/1210.JPG,0.002715826498373617,True,194,0.3947383779745693,test,0
/teamspace/studios/this_studio/MMOTU-ex/data/raw/OTU_2d/images/47.JPG,0.002709358641562031,True,130,5.569599586548739,test,2
/teamspace/studios/this_studio/MMOTU-ex/data/raw/OTU_2d/images/1342.JPG,0.0027018224057011003,True,253,3.4119366788578964,test,5
/teamspace/studios/this_studio/MMOTU-ex/data/raw/OTU_2d/images/391.JPG,0.0026975139602194655,True,181,0.37393507645230134,train,0
/teamspace/studios/this_studio/MMOTU-ex/data/raw/OTU_2d/images/1354.JPG,0.0026970954356846473,True,167,4.361710465652374,val,1
/teamspace/studios/this_studio/MMOTU-ex/data/raw/OTU_2d/images/1378.JPG,0.0026956127387738186,True,174,3.692201684220403,train,1
/teamspace/studios/this_studio/MMOTU-ex/data/raw/OTU_2d/images/1218.JPG,0.002676665772500904,True,182,3.643297838840228,val,4
/teamspace/studios/this_studio/MMOTU-ex/data/raw/OTU_2d/images/1449.JPG,0.0026749618268549495,True,197,3.8676159118550824,train,7
/teamspace/studios/this_studio/MMOTU-ex/data/raw/OTU_2d/images/354.JPG,0.0026730142625797514,True,169,3.854316820478801,train,3
/teamspace/studios/this_studio/MMOTU-ex/data/raw/OTU_2d/images/794.JPG,0.0026708778322786595,True,162,0.41170292460181523,train,6
/teamspace/studios/this_studio/MMOTU-ex/data/raw/OTU_2d/images/1205.JPG,0.0026643365938714392,True,187,0.3584930371482411,test,0
/teamspace/studios/this_studio/MMOTU-ex/data/raw/OTU_2d/images/277.JPG,0.0026635110699737945,True,188,3.565254068493632,train,6
/teamspace/studios/this_studio/MMOTU-ex/data/raw/OTU_2d/images/172.JPG,0.002654562798589446,True,171,4.688788674907931,train,2
/teamspace/studios/this_studio/MMOTU-ex/data/raw/OTU_2d/images/1133.JPG,0.0026492624839595438,True,196,0.43189089138615167,train,3
/teamspace/studios/this_studio/MMOTU-ex/data/raw/OTU_2d/images/207.JPG,0.0026460834045489113,True,189,4.496348404901722,train,0
/teamspace/studios/this_studio/MMOTU-ex/data/raw/OTU_2d/images/1185.JPG,0.0026434329065908014,True,203,0.3792733522996681,train,3
/teamspace/studios/this_studio/MMOTU-ex/data/raw/OTU_2d/images/642.JPG,0.0026430501955707927,True,203,4.034853942099108,train,0
/teamspace/studios/this_studio/MMOTU-ex/data/raw/OTU_2d/images/154.JPG,0.0026390418368043038,True,175,3.11049087347607,train,5
/teamspace/studios/this_studio/MMOTU-ex/data/raw/OTU_2d/images/1425.JPG,0.0026389220615049428,True,172,0.39611210467141633,train,7
/teamspace/studios/this_studio/MMOTU-ex/data/raw/OTU_2d/images/626.JPG,0.0026368678528027917,True,170,0.46970717913563703,test,3
/teamspace/studios/this_studio/MMOTU-ex/data/raw/OTU_2d/images/1193.JPG,0.002636740030507736,True,87,5.452328030798285,train,6
/teamspace/studios/this_studio/MMOTU-ex/data/raw/OTU_2d/images/1215.JPG,0.002627819165220941,True,152,0.3925322050130704,train,0
/teamspace/studios/this_studio/MMOTU-ex/data/raw/OTU_2d/images/76.JPG,0.0026221797419322384,True,170,3.806200794828584,train,5
/teamspace/studios/this_studio/MMOTU-ex/data/raw/OTU_2d/images/115.JPG,0.002621119346868622,True,155,0.36745476030039353,train,5
/teamspace/studios/this_studio/MMOTU-ex/data/raw/OTU_2d/images/1428.JPG,0.002620500210106921,True,186,0.38649751762563617,train,7
/teamspace/studios/this_studio/MMOTU-ex/data/raw/OTU_2d/images/9.JPG,0.0026197139303482586,True,171,0.4193252487562189,val,0
/teamspace/studios/this_studio/MMOTU-ex/data/raw/OTU_2d/images/1151.JPG,0.002618222672669134,True,177,0.38877758659972816,train,3
/teamspace/studios/this_studio/MMOTU-ex/data/raw/OTU_2d/images/1130.JPG,0.0026172498410955455,True,194,0.35155568936983317,train,4
/teamspace/studios/this_studio/MMOTU-ex/data/raw/OTU_2d/images/741.JPG,0.0025986585901538895,True,161,3.0334595749864346,train,2
/teamspace/studios/this_studio/MMOTU-ex/data/raw/OTU_2d/images/1112.JPG,0.0025958167566077126,True,202,3.4321069838893923,val,4
/teamspace/studios/this_studio/MMOTU-ex/data/raw/OTU_2d/images/14.JPG,0.0025892416128956383,True,198,0.4041902200757368,train,0
/teamspace/studios/this_studio/MMOTU-ex/data/raw/OTU_2d/images/1064.JPG,0.002585233148257155,True,188,3.1992638051450117,train,2
/teamspace/studios/this_studio/MMOTU-ex/data/raw/OTU_2d/images/1177.JPG,0.0025822367135026935,True,209,2.982590915843713,train,6
/teamspace/studios/this_studio/MMOTU-ex/data/raw/OTU_2d/images/1221.JPG,0.0025813052117968794,True,184,3.964558207252051,train,5
/teamspace/studios/this_studio/MMOTU-ex/data/raw/OTU_2d/images/1267.JPG,0.0025805697133891416,True,185,2.2697319053141416,train,5
/teamspace/studios/this_studio/MMOTU-ex/data/raw/OTU_2d/images/286.JPG,0.0025772893026826528,True,161,0.37940792849393085,train,2
/teamspace/studios/this_studio/MMOTU-ex/data/raw/OTU_2d/images/1260.JPG,0.0025765582112386456,True,184,3.7600338063218604,train,2
/teamspace/studios/this_studio/MMOTU-ex/data/raw/OTU_2d/images/1045.JPG,0.002574601826871722,True,166,2.7536618624387894,train,0
/teamspace/studios/this_studio/MMOTU-ex/data/raw/OTU_2d/images/1131.JPG,0.002573435378834084,True,196,0.36295669624412225,train,5
/teamspace/studios/this_studio/MMOTU-ex/data/raw/OTU_2d/images/903.JPG,0.0025731629971912657,True,190,0.5817371870375404,train,2
/teamspace/studios/this_studio/MMOTU-ex/data/raw/OTU_2d/images/1383.JPG,0.0025701800302304926,True,199,2.3416790666580405,train,5
/teamspace/studios/this_studio/MMOTU-ex/data/raw/OTU_2d/images/610.JPG,0.0025699189142919395,True,165,3.4522512567506576,val,3
/teamspace/studios/this_studio/MMOTU-ex/data/raw/OTU_2d/images/1150.JPG,0.002564494089917819,True,184,0.42984836205175186,train,3
/teamspace/studios/this_studio/MMOTU-ex/data/raw/OTU_2d/images/356.JPG,0.002557180864023077,True,199,3.8148694609844758,val,3
/teamspace/studios/this_studio/MMOTU-ex/data/raw/OTU_2d/images/987.JPG,0.002554278416347382,True,182,0.40895517849540836,train,5
/teamspace/studios/this_studio/MMOTU-ex/data/raw/OTU_2d/images/603.JPG,0.00255301301709576,True,180,0.4187191454813401,train,6
/teamspace/studios/this_studio/MMOTU-ex/data/raw/OTU_2d/images/1255.JPG,0.0025515405362895476,True,172,0.403226902635621,val,1
/teamspace/studios/this_studio/MMOTU-ex/data/raw/OTU_2d/images/29.JPG,0.002548951454060943,True,181,4.3625461236496745,test,0
/teamspace/studios/this_studio/MMOTU-ex/data/raw/OTU_2d/images/72.JPG,0.00254743551012055,True,191,3.351495424556343,train,4
/teamspace/studios/this_studio/MMOTU-ex/data/raw/OTU_2d/images/171.JPG,0.0025461924180047997,True,173,4.470294421789944,train,2
/teamspace/studios/this_studio/MMOTU-ex/data/raw/OTU_2d/images/1385.JPG,0.002545256061367865,True,184,2.75686055087871,train,1
/teamspace/studios/this_studio/MMOTU-ex/data/raw/OTU_2d/images/1191.JPG,0.0025434306483393125,True,165,0.3720002826034054,test,3
/teamspace/studios/this_studio/MMOTU-ex/data/raw/OTU_2d/images/1451.JPG,0.0025416587916587915,True,189,2.920608108108108,train,7
/teamspace/studios/this_studio/MMOTU-ex/data/raw/OTU_2d/images/1062.JPG,0.002536979870710858,True,151,2.4855469612403702,test,0
/teamspace/studios/this_studio/MMOTU-ex/data/raw/OTU_2d/images/1109.JPG,0.0025368465285667595,True,211,3.659720168708076,train,2
/teamspace/studios/this_studio/MMOTU-ex/data/raw/OTU_2d/images/1266.JPG,0.0025361623457249506,True,184,3.2496876309697735,train,0
/teamspace/studios/this_studio/MMOTU-ex/data/raw/OTU_2d/images/1110.JPG,0.002530583575595575,True,166,3.6349403937330496,test,5
/teamspace/studios/this_studio/MMOTU-ex/data/raw/OTU_2d/images/87.JPG,0.0025298355606885553,True,171,0.37146353344175487,train,5
/teamspace/studios/this_studio/MMOTU-ex/data/raw/OTU_2d/images/150.JPG,0.0025276486020655506,True,207,4.168427086532837,val,3
/teamspace/studios/this_studio/MMOTU-ex/data/raw/OTU_2d/images/272.JPG,0.0025268206191686876,True,182,4.086749618243098,train,2
/teamspace/studios/this_studio/MMOTU-ex/data/raw/OTU_2d/images/274.JPG,0.0025248678984429005,True,182,4.794608928620247,val,5
/teamspace/studios/this_studio/MMOTU-ex/data/raw/OTU_2d/images/943.JPG,0.00252067009565928,True,173,0.34729966831706965,val,2
/teamspace/studios/this_studio/MMOTU-ex/data/raw/OTU_2d/images/953.JPG,0.0025206414734836456,True,195,0.4195677199110829,train,4
/teamspace/studios/this_studio/MMOTU-ex/data/raw/OTU_2d/images/800.JPG,0.00251903749985995,True,129,0.4193553206030751,val,0
/teamspace/studios/this_studio/MMOTU-ex/data/raw/OTU_2d/images/113.JPG,0.002515910295864008,True,168,0.3415592774681256,train,5
/teamspace/studios/this_studio/MMOTU-ex/data/raw/OTU_2d/images/1216.JPG,0.002514411631613119,True,196,0.3650894209770398,test,0
/teamspace/studios/this_studio/MMOTU-ex/data/raw/OTU_2d/images/941.JPG,0.0025127944355728426,True,192,0.3529271824883504,train,2
/teamspace/studios/this_studio/MMOTU-ex/data/raw/OTU_2d/images/898.JPG,0.0025085092568910227,True,182,3.4940386015306824,train,5
/teamspace/studios/this_studio/MMOTU-ex/data/raw/OTU_2d/images/108.JPG,0.002503930702448266,True,172,0.37809548921376185,train,4
/teamspace/studios/this_studio/MMOTU-ex/data/raw/OTU_2d/images/999.JPG,0.0024981155605368777,True,165,3.102039930384268,train,2
/teamspace/studios/this_studio/MMOTU-ex/data/raw/OTU_2d/images/198.JPG,0.002497529808281879,True,187,3.5915728384357926,train,0
/teamspace/studios/this_studio/MMOTU-ex/data/raw/OTU_2d/images/1214.JPG,0.0024973096897955363,True,174,0.40706537843696877,train,0
/teamspace/studios/this_studio/MMOTU-ex/data/raw/OTU_2d/images/952.JPG,0.0024971361727145445,True,164,0.341016673838862,val,2
/teamspace/studios/this_studio/MMOTU-ex/data/raw/OTU_2d/images/942.JPG,0.002495530840202042,True,193,0.36474642767159776,test,2
/teamspace/studios/this_studio/MMOTU-ex/data/raw/OTU_2d/images/352.JPG,0.002493512574873666,True,165,3.8231635221352898,val,3
/teamspace/studios/this_studio/MMOTU-ex/data/raw/OTU_2d/images/893.JPG,0.002490985006642627,True,176,4.0391697507433415,train,1
/teamspace/studios/this_studio/MMOTU-ex/data/raw/OTU_2d/images/798.JPG,0.0024908079643535972,True,171,0.4082120711681675,train,0
/teamspace/studios/this_studio/MMOTU-ex/data/raw/OTU_2d/images/1092.JPG,0.0024901922595364626,True,190,0.31412871094293426,train,0
/teamspace/studios/this_studio/MMOTU-ex/data/raw/OTU_2d/images/16.JPG,0.0024828372181369225,True,164,0.3892181679336049,val,0
/teamspace/studios/this_studio/MMOTU-ex/data/raw/OTU_2d/images/609.JPG,0.0024794345962229174,True,191,3.701992816591357,train,3
/teamspace/studios/this_studio/MMOTU-ex/data/raw/OTU_2d/images/511.JPG,0.0024773476695735975,True,145,3.389595517720311,train,2
/teamspace/studios/this_studio/MMOTU-ex/data/raw/OTU_2d/images/366.JPG,0.0024753198912418504,True,179,2.8559149425511388,train,3
/teamspace/studios/this_studio/MMOTU-ex/data/raw/OTU_2d/images/1194.JPG,0.002474592626025244,True,184,3.5498342489844834,val,6
/teamspace/studios/this_studio/MMOTU-ex/data/raw/OTU_2d/images/1213.JPG,0.0024629200192987097,True,177,0.3370795916143993,train,0
/teamspace/studios/this_studio/MMOTU-ex/data/raw/OTU_2d/images/1265.JPG,0.0024622307180981826,True,163,4.4381984023033265,test,0
/teamspace/studios/this_studio/MMOTU-ex/data/raw/OTU_2d/images/296.JPG,0.002460483149418431,True,176,0.37169188629193023,train,1
/teamspace/studios/this_studio/MMOTU-ex/data/raw/OTU_2d/images/1252.JPG,0.0024600246002460025,True,178,0.513523661552405,test,0
/teamspace/studios/this_studio/MMOTU-ex/data/raw/OTU_2d/images/79.JPG,0.0024599204317170206,True,201,0.37156024737070154,train,0
/teamspace/studios/this_studio/MMOTU-ex/data/raw/OTU_2d/images/11.JPG,0.0024528301886792454,True,180,0.418376572327044,val,0
/teamspace/studios/this_studio/MMOTU-ex/data/raw/OTU_2d/images/363.JPG,0.002449705531972013,True,199,2.6062685615530463,train,1
/teamspace/studios/this_studio/MMOTU-ex/data/raw/OTU_2d/images/276.JPG,0.002446074725722366,True,189,3.626794408300595,train,6
/teamspace/studios/this_studio/MMOTU-ex/data/raw/OTU_2d/images/80.JPG,0.0024434929958442927,True,153,0.3515464971358252,train,0
/teamspace/studios/this_studio/MMOTU-ex/data/raw/OTU_2d/images/56.JPG,0.0024429836867209107,True,79,5.330748727403904,test,2
/teamspace/studios/this_studio/MMOTU-ex/data/raw/OTU_2d/images/1113.JPG,0.002440945036515988,True,182,3.2952541980130747,train,5
/teamspace/studios/this_studio/MMOTU-ex/data/raw/OTU_2d/images/18.JPG,0.0024401994461569795,True,189,0.3902341103064154,val,0
/teamspace/studios/this_studio/MMOTU-ex/data/raw/OTU_2d/images/778.JPG,0.002439005683343432,True,185,3.3951304254454255,train,0
/teamspace/studios/this_studio/MMOTU-ex/data/raw/OTU_2d/images/930.JPG,0.0024365476133250013,True,186,0.3962709705330962,test,5
/teamspace/studios/this_studio/MMOTU-ex/data/raw/OTU_2d/images/101.JPG,0.0024356297842727907,True,158,0.345671772497322,train,1
/teamspace/studios/this_studio/MMOTU-ex/data/raw/OTU_2d/images/1143.JPG,0.002434301741860428,True,161,0.35579451465362,train,0
/teamspace/studios/this_studio/MMOTU-ex/data/raw/OTU_2d/images/280.JPG,0.0024310515327985935,True,194,3.9697403738992576,train,6
/teamspace/studios/this_studio/MMOTU-ex/data/raw/OTU_2d/images/899.JPG,0.002428437844552065,True,171,0.34193521374439995,train,5
/teamspace/studios/this_studio/MMOTU-ex/data/raw/OTU_2d/images/1275.JPG,0.0024254707908799864,True,181,0.2765691000499093,train,5
/teamspace/studios/this_studio/MMOTU-ex/data/raw/OTU_2d/images/36.JPG,0.002424532033982617,True,168,3.9298961642258146,train,0
/teamspace/studios/this_studio/MMOTU-ex/data/raw/OTU_2d/images/556.JPG,0.00242362371445856,True,166,5.498381730187538,val,2
/teamspace/studios/this_studio/MMOTU-ex/data/raw/OTU_2d/images/616.JPG,0.0024207554124974825,True,142,4.118092581543735,train,1
/teamspace/studios/this_studio/MMOTU-ex/data/raw/OTU_2d/images/137.JPG,0.002418656754417231,True,162,0.36618463261876877,test,1
/teamspace/studios/this_studio/MMOTU-ex/data/raw/OTU_2d/images/1016.JPG,0.002418022407409641,True,191,0.41737418444506086,test,2
/teamspace/studios/this_studio/MMOTU-ex/data/raw/OTU_2d/images/1189.JPG,0.0024131389063082945,True,136,0.3452475451868198,train,0
/teamspace/studios/this_studio/MMOTU-ex/data/raw/OTU_2d/images/176.JPG,0.0024049477687646636,True,168,4.4612094458828,train,5
/teamspace/studios/this_studio/MMOTU-ex/data/raw/OTU_2d/images/361.JPG,0.0024024024024024023,True,178,2.787639976425023,train,3
/teamspace/studios/this_studio/MMOTU-ex/data/raw/OTU_2d/images/321.JPG,0.002393009416314647,True,154,0.342151067096909,test,1
/teamspace/studios/this_studio/MMOTU-ex/data/raw/OTU_2d/images/106.JPG,0.0023920828890893683,True,159,0.35106794296493304,train,5
/teamspace/studios/this_studio/MMOTU-ex/data/raw/OTU_2d/images/1253.JPG,0.0023913326392503904,True,180,0.5178617907339927,train,0
/teamspace/studios/this_studio/MMOTU-ex/data/raw/OTU_2d/images/58.JPG,0.0023865268459676943,True,165,0.3125150018690853,test,1
/teamspace/studios/this_studio/MMOTU-ex/data/raw/OTU_2d/images/368.JPG,0.002384806048806424,True,177,2.8421219300509017,train,3
/teamspace/studios/this_studio/MMOTU-ex/data/raw/OTU_2d/images/1070.JPG,0.0023835976959868882,True,156,0.40896626716781315,test,2
/teamspace/studios/this_studio/MMOTU-ex/data/raw/OTU_2d/images/190.JPG,0.0023808965306936266,True,175,0.3640934218448234,test,0
/teamspace/studios/this_studio/MMOTU-ex/data/raw/OTU_2d/images/963.JPG,0.0023782786556509183,True,197,4.09792452073474,test,5
/teamspace/studios/this_studio/MMOTU-ex/data/raw/OTU_2d/images/495.JPG,0.0023763508533513043,True,165,2.0516429310059947,train,1
/teamspace/studios/this_studio/MMOTU-ex/data/raw/OTU_2d/images/1002.JPG,0.0023758176130438905,True,169,4.013421493348501,test,5
/teamspace/studios/this_studio/MMOTU-ex/data/raw/OTU_2d/images/252.JPG,0.002369714693407136,True,158,0.37483437477949305,train,1
/teamspace/studios/this_studio/MMOTU-ex/data/raw/OTU_2d/images/920.JPG,0.002363489636930715,True,169,4.289101179960304,val,6
/teamspace/studios/this_studio/MMOTU-ex/data/raw/OTU_2d/images/82.JPG,0.0023623777606856388,True,148,0.353055786648249,train,0
/teamspace/studios/this_studio/MMOTU-ex/data/raw/OTU_2d/images/13.JPG,0.0023614448339701424,True,151,0.3727518021034388,train,0
/teamspace/studios/this_studio/MMOTU-ex/data/raw/OTU_2d/images/1339.JPG,0.0023580136782634553,True,189,0.4212250966399049,train,5
/teamspace/studios/this_studio/MMOTU-ex/data/raw/OTU_2d/images/886.JPG,0.0023578718849406764,True,168,0.3064027377847462,train,0
/teamspace/studios/this_studio/MMOTU-ex/data/raw/OTU_2d/images/1446.JPG,0.002356840920840556,True,198,0.31886385062190187,train,7
/teamspace/studios/this_studio/MMOTU-ex/data/raw/OTU_2d/images/947.JPG,0.002356574028928978,True,192,0.4194400804184649,train,2
/teamspace/studios/this_studio/MMOTU-ex/data/raw/OTU_2d/images/1146.JPG,0.002355055254741775,True,173,0.36969024096767045,train,0
/teamspace/studios/this_studio/MMOTU-ex/data/raw/OTU_2d/images/1276.JPG,0.002351230153920737,True,232,0.2867425160586596,test,5
/teamspace/studios/this_studio/MMOTU-ex/data/raw/OTU_2d/images/1042.JPG,0.002348643006263048,True,169,0.38947341367748467,train,2
/teamspace/studios/this_studio/MMOTU-ex/data/raw/OTU_2d/images/1056.JPG,0.002346550330650274,True,201,0.43014881515733305,train,2
/teamspace/studios/this_studio/MMOTU-ex/data/raw/OTU_2d/images/1176.JPG,0.0023438778611676136,True,166,3.1554265740805687,test,6
/teamspace/studios/this_studio/MMOTU-ex/data/raw/OTU_2d/images/1211.JPG,0.0023417261641498705,True,194,0.33435545270739875,train,0
/teamspace/studios/this_studio/MMOTU-ex/data/raw/OTU_2d/images/257.JPG,0.002339305442521889,True,171,0.32391320587067374,train,5
/teamspace/studios/this_studio/MMOTU-ex/data/raw/OTU_2d/images/215.JPG,0.0023383537049087785,True,195,2.732547609900664,train,6
/teamspace/studios/this_studio/MMOTU-ex/data/raw/OTU_2d/images/561.JPG,0.0023362439038635634,True,191,0.5327190958736092,train,6
/teamspace/studios/this_studio/MMOTU-ex/data/raw/OTU_2d/images/1422.JPG,0.00233572142519407,True,123,2.1375561859958463,train,7
/teamspace/studios/this_studio/MMOTU-ex/data/raw/OTU_2d/images/45.JPG,0.002335559186004092,True,138,2.6867912033879486,train,2
/teamspace/studios/this_studio/MMOTU-ex/data/raw/OTU_2d/images/988.JPG,0.002335439689094591,True,208,0.37859362741222335,train,5
/teamspace/studios/this_studio/MMOTU-ex/data/raw/OTU_2d/images/1048.JPG,0.002331764943817551,True,174,4.197232417084541,train,0
/teamspace/studios/this_studio/MMOTU-ex/data/raw/OTU_2d/images/297.JPG,0.0023294764280575113,True,150,0.2935572775988897,val,1
/teamspace/studios/this_studio/MMOTU-ex/data/raw/OTU_2d/images/933.JPG,0.00232524960006314,True,197,0.42113427253989505,val,2
/teamspace/studios/this_studio/MMOTU-ex/data/raw/OTU_2d/images/1142.JPG,0.0023240241068263282,True,173,0.3186473391893489,train,0
/teamspace/studios/this_studio/MMOTU-ex/data/raw/OTU_2d/images/793.JPG,0.0023227995725430403,True,149,0.4097460959768416,test,6
/teamspace/studios/this_studio/MMOTU-ex/data/raw/OTU_2d/images/935.JPG,0.0023202205262777766,True,203,0.43266545489563524,train,2
/teamspace/studios/this_studio/MMOTU-ex/data/raw/OTU_2d/images/961.JPG,0.0023137781758471414,True,165,3.3918979436220815,train,5
/teamspace/studios/this_studio/MMOTU-ex/data/raw/OTU_2d/images/196.JPG,0.0023101086765652742,True,170,4.896154371451427,train,0
/teamspace/studios/this_studio/MMOTU-ex/data/raw/OTU_2d/images/612.JPG,0.0023094163612684374,True,176,4.661530423721113,test,1
/teamspace/studios/this_studio/MMOTU-ex/data/raw/OTU_2d/images/1188.JPG,0.0023051496172581767,True,151,0.351699405326754,train,0
/teamspace/studios/this_studio/MMOTU-ex/data/raw/OTU_2d/images/589.JPG,0.002302990478079746,True,184,0.3722909640944257,val,4
/teamspace/studios/this_studio/MMOTU-ex/data/raw/OTU_2d/images/887.JPG,0.002299971059966795,True,177,0.3953756873257886,val,5
/teamspace/studios/this_studio/MMOTU-ex/data/raw/OTU_2d/images/1148.JPG,0.002299590311896652,True,179,0.34875092219065407,test,3
/teamspace/studios/this_studio/MMOTU-ex/data/raw/OTU_2d/images/946.JPG,0.0022989484439524884,True,192,0.41902288609257826,test,2
/teamspace/studios/this_studio/MMOTU-ex/data/raw/OTU_2d/images/1164.JPG,0.002296775577321799,True,201,0.4082421772598365,train,0
/teamspace/studios/this_studio/MMOTU-ex/data/raw/OTU_2d/images/703.JPG,0.0022957013226987703,True,173,0.31397323118555637,train,6
/teamspace/studios/this_studio/MMOTU-ex/data/raw/OTU_2d/images/293.JPG,0.00229198255514045,True,148,3.726126647179279,test,0
/teamspace/studios/this_studio/MMOTU-ex/data/raw/OTU_2d/images/537.JPG,0.0022894850746835345,True,166,4.503914525890545,train,2
/teamspace/studios/this_studio/MMOTU-ex/data/raw/OTU_2d/images/253.JPG,0.002289352160380095,True,158,0.3613765905901354,test,1
/teamspace/studios/this_studio/MMOTU-ex/data/raw/OTU_2d/images/1393.JPG,0.0022888661948415904,True,187,0.43467973685460504,val,5
/teamspace/studios/this_studio/MMOTU-ex/data/raw/OTU_2d/images/1439.JPG,0.002287155135350781,True,179,0.36133758874587985,val,7
/teamspace/studios/this_studio/MMOTU-ex/data/raw/OTU_2d/images/389.JPG,0.0022830778271451997,True,154,0.3510619289823826,val,0
/teamspace/studios/this_studio/MMOTU-ex/data/raw/OTU_2d/images/7.JPG,0.002282714147120927,True,185,0.3782949306035221,train,0
/teamspace/studios/this_studio/MMOTU-ex/data/raw/OTU_2d/images/1018.JPG,0.0022786955441171626,True,196,0.42092686914418664,train,2
/teamspace/studios/this_studio/MMOTU-ex/data/raw/OTU_2d/images/598.JPG,0.0022757587812697448,True,168,0.5519329323941684,train,2
/teamspace/studios/this_studio/MMOTU-ex/data/raw/OTU_2d/images/1120.JPG,0.002258469259723965,True,169,2.1621576780696206,val,5
/teamspace/studios/this_studio/MMOTU-ex/data/raw/OTU_2d/images/1037.JPG,0.002254378809617904,True,151,3.4841171420394925,train,0
/teamspace/studios/this_studio/MMOTU-ex/data/raw/OTU_2d/images/602.JPG,0.0022522522522522522,True,191,0.39945302445302444,train,5
/teamspace/studios/this_studio/MMOTU-ex/data/raw/OTU_2d/images/1248.JPG,0.0022433804683617085,True,172,0.2817732645961038,train,0
/teamspace/studios/this_studio/MMOTU-ex/data/raw/OTU_2d/images/539.JPG,0.002242961159577106,True,107,4.917303487297401,train,0
/teamspace/studios/this_studio/MMOTU-ex/data/raw/OTU_2d/images/84.JPG,0.0022396217703075484,True,153,0.34340012076198445,test,0
/teamspace/studios/this_studio/MMOTU-ex/data/raw/OTU_2d/images/646.JPG,0.0022395380258749932,True,193,4.016146884080771,val,0
/teamspace/studios/this_studio/MMOTU-ex/data/raw/OTU_2d/images/1230.JPG,0.0022386006289308175,True,179,4.904595125786163,train,1
/teamspace/studios/this_studio/MMOTU-ex/data/raw/OTU_2d/images/535.JPG,0.0022279329441025524,True,176,4.45502430813853,train,2
/teamspace/studios/this_studio/MMOTU-ex/data/raw/OTU_2d/images/162.JPG,0.002225577015859182,True,167,3.144479635192131,train,0
/teamspace/studios/this_studio/MMOTU-ex/data/raw/OTU_2d/images/485.JPG,0.002224368914762183,True,184,0.387401174466787,test,2
/teamspace/studios/this_studio/MMOTU-ex/data/raw/OTU_2d/images/1078.JPG,0.0022235422235422236,True,150,3.4884447084447086,test,5
/teamspace/studios/this_studio/MMOTU-ex/data/raw/OTU_2d/images/1249.JPG,0.002222681691305696,True,174,0.4598108136048796,train,0
/teamspace/studios/this_studio/MMOTU-ex/data/raw/OTU_2d/images/1031.JPG,0.0022118712942792427,True,152,0.33165868700643686,test,5
/teamspace/studios/this_studio/MMOTU-ex/data/raw/OTU_2d/images/1050.JPG,0.002211761925394887,True,156,0.29849923189033756,train,1
/teamspace/studios/this_studio/MMOTU-ex/data/raw/OTU_2d/images/294.JPG,0.0022108518768616534,True,157,3.484030877115616,train,0
/teamspace/studios/this_studio/MMOTU-ex/data/raw/OTU_2d/images/89.JPG,0.002207596648699228,True,148,0.32937027470129626,train,1
/teamspace/studios/this_studio/MMOTU-ex/data/raw/OTU_2d/images/926.JPG,0.0022070713692583367,True,170,5.2479905916381595,train,2
/teamspace/studios/this_studio/MMOTU-ex/data/raw/OTU_2d/images/1058.JPG,0.0022069627093123504,True,187,0.543720325914053,train,2
/teamspace/studios/this_studio/MMOTU-ex/data/raw/OTU_2d/images/332.JPG,0.0022022022022022024,True,200,0.2823643315446594,test,0
/teamspace/studios/this_studio/MMOTU-ex/data/raw/OTU_2d/images/513.JPG,0.0022017636925744663,True,171,5.59406550532188,test,2
/teamspace/studios/this_studio/MMOTU-ex/data/raw/OTU_2d/images/256.JPG,0.002199944305207463,True,165,0.3292517006802721,train,5
/teamspace/studios/this_studio/MMOTU-ex/data/raw/OTU_2d/images/1268.JPG,0.002198454783213763,True,186,0.3635638361686302,val,5
/teamspace/studios/this_studio/MMOTU-ex/data/raw/OTU_2d/images/909.JPG,0.002198003116156317,True,153,3.2687645076155043,test,0
/teamspace/studios/this_studio/MMOTU-ex/data/raw/OTU_2d/images/1004.JPG,0.002197246171253725,True,194,3.6369205086933656,val,5
/teamspace/studios/this_studio/MMOTU-ex/data/raw/OTU_2d/images/1079.JPG,0.002190176391625519,True,145,3.4120926782167724,train,5
/teamspace/studios/this_studio/MMOTU-ex/data/raw/OTU_2d/images/1081.JPG,0.002183181184227209,True,180,3.9022580670723976,train,5
/teamspace/studios/this_studio/MMOTU-ex/data/raw/OTU_2d/images/324.JPG,0.002181863845417301,True,165,0.3201630119139184,test,1
/teamspace/studios/this_studio/MMOTU-ex/data/raw/OTU_2d/images/289.JPG,0.00217700859849937,True,162,3.6199897506513423,train,0
/teamspace/studios/this_studio/MMOTU-ex/data/raw/OTU_2d/images/302.JPG,0.0021756468297717624,True,160,0.28007005856458134,train,1
/teamspace/studios/this_studio/MMOTU-ex/data/raw/OTU_2d/images/157.JPG,0.002175585057310733,True,161,2.6428696478345453,train,5
/teamspace/studios/this_studio/MMOTU-ex/data/raw/OTU_2d/images/1250.JPG,0.002174222061408043,True,189,0.4624599400392846,train,0
/teamspace/studios/this_studio/MMOTU-ex/data/raw/OTU_2d/images/726.JPG,0.0021734992958014543,True,139,4.418191161356629,train,2
/teamspace/studios/this_studio/MMOTU-ex/data/raw/OTU_2d/images/1140.JPG,0.002171628314781589,True,151,3.176465123300875,test,0
/teamspace/studios/this_studio/MMOTU-ex/data/raw/OTU_2d/images/359.JPG,0.002169051275833266,True,164,1.7227463614982814,train,3
/teamspace/studios/this_studio/MMOTU-ex/data/raw/OTU_2d/images/938.JPG,0.0021666158071406774,True,174,0.4039578883124809,test,2
/teamspace/studios/this_studio/MMOTU-ex/data/raw/OTU_2d/images/410.JPG,0.0021664294857015654,True,111,3.0538844676943624,train,1
/teamspace/studios/this_studio/MMOTU-ex/data/raw/OTU_2d/images/571.JPG,0.002164477763372978,True,182,0.3031424384194803,test,1
/teamspace/studios/this_studio/MMOTU-ex/data/raw/OTU_2d/images/1454.JPG,0.002162066759326671,True,164,5.766512835015052,train,7
/teamspace/studios/this_studio/MMOTU-ex/data/raw/OTU_2d/images/1311.JPG,0.0021592887695391096,True,169,4.660985774212988,train,2
/teamspace/studios/this_studio/MMOTU-ex/data/raw/OTU_2d/images/651.JPG,0.002156050648667472,True,131,2.4530318073038995,train,5
/teamspace/studios/this_studio/MMOTU-ex/data/raw/OTU_2d/images/906.JPG,0.002153498415460138,True,155,3.6863873267880445,test,0
/teamspace/studios/this_studio/MMOTU-ex/data/raw/OTU_2d/images/1163.JPG,0.002151185972555846,True,146,4.672644344384257,train,0
/teamspace/studios/this_studio/MMOTU-ex/data/raw/OTU_2d/images/270.JPG,0.0021494905351162625,True,186,0.38157316580766215,test,5
/teamspace/studios/this_studio/MMOTU-ex/data/raw/OTU_2d/images/618.JPG,0.002144481092508739,True,172,4.233146845715023,val,1
/teamspace/studios/this_studio/MMOTU-ex/data/raw/OTU_2d/images/1335.JPG,0.0021440498978885325,True,172,0.2875441464819545,train,2
/teamspace/studios/this_studio/MMOTU-ex/data/raw/OTU_2d/images/937.JPG,0.002140429310714395,True,204,0.3016014943197477,val,2
/teamspace/studios/this_studio/MMOTU-ex/data/raw/OTU_2d/images/392.JPG,0.0021371818378975176,True,166,0.3178900258275665,train,0
/teamspace/studios/this_studio/MMOTU-ex/data/raw/OTU_2d/images/65.JPG,0.0021297989906438235,True,150,2.6010514924872874,train,1
/teamspace/studios/this_studio/MMOTU-ex/data/raw/OTU_2d/images/1403.JPG,0.0021267778533617947,True,146,0.30289382530709263,train,5
/teamspace/studios/this_studio/MMOTU-ex/data/raw/OTU_2d/images/1272.JPG,0.0021207517945968485,True,194,0.3029458195573824,train,1
/teamspace/studios/this_studio/MMOTU-ex/data/raw/OTU_2d/images/1315.JPG,0.002118844696969697,True,184,2.6640033143939394,train,5
/teamspace/studios/this_studio/MMOTU-ex/data/raw/OTU_2d/images/790.JPG,0.0021170759930720707,True,135,2.6603962144351896,val,5
/teamspace/studios/this_studio/MMOTU-ex/data/raw/OTU_2d/images/1443.JPG,0.002114860512363114,True,135,4.577319260690749,train,7
/teamspace/studios/this_studio/MMOTU-ex/data/raw/OTU_2d/images/1363.JPG,0.002114372129494791,True,177,13.520706844404614,train,5
/teamspace/studios/this_studio/MMOTU-ex/data/raw/OTU_2d/images/810.JPG,0.002113238819664368,True,182,0.4086512564003907,train,2
/teamspace/studios/this_studio/MMOTU-ex/data/raw/OTU_2d/images/1441.JPG,0.0021129261363636363,True,148,3.8626538825757577,train,7
/teamspace/studios/this_studio/MMOTU-ex/data/raw/OTU_2d/images/1080.JPG,0.002112123349593173,True,139,3.1758248308612416,val,2
/teamspace/studios/this_studio/MMOTU-ex/data/raw/OTU_2d/images/1452.JPG,0.002109470631811213,True,201,2.8192094535975882,train,7
/teamspace/studios/this_studio/MMOTU-ex/data/raw/OTU_2d/images/908.JPG,0.002106669407049635,True,174,4.792977241646443,train,0
/teamspace/studios/this_studio/MMOTU-ex/data/raw/OTU_2d/images/777.JPG,0.0021033452567554897,True,156,2.807453000089952,val,2
/teamspace/studios/this_studio/MMOTU-ex/data/raw/OTU_2d/images/159.JPG,0.0020927297819269258,True,180,4.650559406554595,train,0
/teamspace/studios/this_studio/MMOTU-ex/data/raw/OTU_2d/images/211.JPG,0.0020886129904753047,True,163,3.0284520239008628,train,6
/teamspace/studios/this_studio/MMOTU-ex/data/raw/OTU_2d/images/1009.JPG,0.002087614196548298,True,162,2.726206118137354,train,5
/teamspace/studios/this_studio/MMOTU-ex/data/raw/OTU_2d/images/905.JPG,0.0020867054816031696,True,196,0.38988174328992825,train,5
/teamspace/studios/this_studio/MMOTU-ex/data/raw/OTU_2d/images/1137.JPG,0.002086581630793956,True,141,3.507739338392527,train,5
/teamspace/studios/this_studio/MMOTU-ex/data/raw/OTU_2d/images/1006.JPG,0.002079194652035443,True,151,3.4491513732538706,train,0
/teamspace/studios/this_studio/MMOTU-ex/data/raw/OTU_2d/images/1039.JPG,0.002079105784982152,True,166,3.1392382331990496,test,5
/teamspace/studios/this_studio/MMOTU-ex/data/raw/OTU_2d/images/1456.JPG,0.00207883743491259,True,165,0.3691045160268467,train,7
/teamspace/studios/this_studio/MMOTU-ex/data/raw/OTU_2d/images/1156.JPG,0.002077815717691815,True,210,8.268664346240977,train,2
/teamspace/studios/this_studio/MMOTU-ex/data/raw/OTU_2d/images/228.JPG,0.002073415792730006,True,151,0.2538796651855336,test,6
/teamspace/studios/this_studio/MMOTU-ex/data/raw/OTU_2d/images/1402.JPG,0.00206231830331883,True,158,0.2829766062474392,test,2
/teamspace/studios/this_studio/MMOTU-ex/data/raw/OTU_2d/images/1240.JPG,0.002061498756806093,True,160,5.154494382022472,val,2
/teamspace/studios/this_studio/MMOTU-ex/data/raw/OTU_2d/images/1166.JPG,0.0020607888092922843,True,191,0.35274578549359314,test,0
/teamspace/studios/this_studio/MMOTU-ex/data/raw/OTU_2d/images/1029.JPG,0.0020538114778952477,True,194,3.615749257110514,train,1
/teamspace/studios/this_studio/MMOTU-ex/data/raw/OTU_2d/images/591.JPG,0.0020477063368679956,True,180,0.35569471192890456,train,5
/teamspace/studios/this_studio/MMOTU-ex/data/raw/OTU_2d/images/367.JPG,0.0020466327320494476,True,185,2.8033043247089364,train,3
/teamspace/studios/this_studio/MMOTU-ex/data/raw/OTU_2d/images/1201.JPG,0.002039777576223771,True,151,4.73910747293372,train,0
/teamspace/studios/this_studio/MMOTU-ex/data/raw/OTU_2d/images/140.JPG,0.002038098432459628,True,195,2.2229892768006,val,1
/teamspace/studios/this_studio/MMOTU-ex/data/raw/OTU_2d/images/993.JPG,0.002031572373777697,True,123,4.7871829126581975,train,0
/teamspace/studios/this_studio/MMOTU-ex/data/raw/OTU_2d/images/216.JPG,0.00202550401160133,True,129,2.9134333475197427,train,5
/teamspace/studios/this_studio/MMOTU-ex/data/raw/OTU_2d/images/1060.JPG,0.0020249221183800624,True,158,2.379854620976116,train,1
/teamspace/studios/this_studio/MMOTU-ex/data/raw/OTU_2d/images/546.JPG,0.002020645444509719,True,182,0.32978267839889136,train,1
/teamspace/studios/this_studio/MMOTU-ex/data/raw/OTU_2d/images/614.JPG,0.0020202665624271766,True,125,4.837425860915453,train,1
/teamspace/studios/this_studio/MMOTU-ex/data/raw/OTU_2d/images/698.JPG,0.0020085165697830264,True,141,2.494355474883012,train,6
/teamspace/studios/this_studio/MMOTU-ex/data/raw/OTU_2d/images/559.JPG,0.002001183716283131,True,171,0.4786022771888496,train,2
/teamspace/studios/this_studio/MMOTU-ex/data/raw/OTU_2d/images/1036.JPG,0.0019928989085359417,True,165,2.597552957213794,train,0
/teamspace/studios/this_studio/MMOTU-ex/data/raw/OTU_2d/images/1242.JPG,0.0019755355645495443,True,147,4.801986925332218,test,2
/teamspace/studios/this_studio/MMOTU-ex/data/raw/OTU_2d/images/138.JPG,0.001974200653770899,True,143,0.2846715328467153,train,1
/teamspace/studios/this_studio/MMOTU-ex/data/raw/OTU_2d/images/764.JPG,0.001973888443088169,True,158,0.5171909868856492,train,2
/teamspace/studios/this_studio/MMOTU-ex/data/raw/OTU_2d/images/1144.JPG,0.001972935823300787,True,169,0.2817782886213543,train,0
/teamspace/studios/this_studio/MMOTU-ex/data/raw/OTU_2d/images/90.JPG,0.001968986001832717,True,147,0.2609805036812336,train,1
/teamspace/studios/this_studio/MMOTU-ex/data/raw/OTU_2d/images/338.JPG,0.001966938690102532,True,175,0.3731175081457567,train,1
/teamspace/studios/this_studio/MMOTU-ex/data/raw/OTU_2d/images/1008.JPG,0.0019639254776314227,True,157,3.2218484237174163,train,0
/teamspace/studios/this_studio/MMOTU-ex/data/raw/OTU_2d/images/525.JPG,0.001963773448881813,True,141,0.3065683152851414,train,2
/teamspace/studios/this_studio/MMOTU-ex/data/raw/OTU_2d/images/687.JPG,0.0019612488811667455,True,154,3.559311325225083,train,5
/teamspace/studios/this_studio/MMOTU-ex/data/raw/OTU_2d/images/1426.JPG,0.0019569586170565625,True,191,0.2555284568708173,test,7
/teamspace/studios/this_studio/MMOTU-ex/data/raw/OTU_2d/images/957.JPG,0.0019566484416197166,True,186,0.2655768643667953,test,5
/teamspace/studios/this_studio/MMOTU-ex/data/raw/OTU_2d/images/775.JPG,0.0019512549291875972,True,95,1.87681228473801,train,2
/teamspace/studios/this_studio/MMOTU-ex/data/raw/OTU_2d/images/795.JPG,0.0019496608661545378,True,152,0.28783231768566264,test,6
/teamspace/studios/this_studio/MMOTU-ex/data/raw/OTU_2d/images/1348.JPG,0.0019471455202316422,True,183,0.280145932184804,train,0
/teamspace/studios/this_studio/MMOTU-ex/data/raw/OTU_2d/images/1459.JPG,0.0019456674824643015,True,149,0.27894550748341246,test,7
/teamspace/studios/this_studio/MMOTU-ex/data/raw/OTU_2d/images/919.JPG,0.00194452728899493,True,206,4.598884580972264,train,2
/teamspace/studios/this_studio/MMOTU-ex/data/raw/OTU_2d/images/911.JPG,0.0019388713125941823,True,204,2.696110028481487,train,0
/teamspace/studios/this_studio/MMOTU-ex/data/raw/OTU_2d/images/254.JPG,0.0019359789088476598,True,156,0.2823774765380605,train,1
/teamspace/studios/this_studio/MMOTU-ex/data/raw/OTU_2d/images/1074.JPG,0.0019345576068265143,True,141,3.823549690146329,train,5
/teamspace/studios/this_studio/MMOTU-ex/data/raw/OTU_2d/images/258.JPG,0.001932620916211279,True,135,0.25985127051204654,val,5
/teamspace/studios/this_studio/MMOTU-ex/data/raw/OTU_2d/images/924.JPG,0.0019298238690403369,True,155,6.597657375360609,train,2
/teamspace/studios/this_studio/MMOTU-ex/data/raw/OTU_2d/images/1445.JPG,0.0019272139873648642,True,204,0.30328110830700383,val,7
/teamspace/studios/this_studio/MMOTU-ex/data/raw/OTU_2d/images/1152.JPG,0.0019258773989604997,True,142,0.252688532741889,test,3
/teamspace/studios/this_studio/MMOTU-ex/data/raw/OTU_2d/images/492.JPG,0.001925055217693867,True,135,0.27464562343045595,train,6
/teamspace/studios/this_studio/MMOTU-ex/data/raw/OTU_2d/images/17.JPG,0.0019240346754237157,True,172,0.265973962305262,val,0
/teamspace/studios/this_studio/MMOTU-ex/data/raw/OTU_2d/images/1043.JPG,0.0019219366578748288,True,171,0.2849823140935206,train,2
/teamspace/studios/this_studio/MMOTU-ex/data/raw/OTU_2d/images/1044.JPG,0.0019215881442158815,True,187,0.31309839795241257,train,2
/teamspace/studios/this_studio/MMOTU-ex/data/raw/OTU_2d/images/213.JPG,0.0019204227296029024,True,150,2.705863795891005,train,6
/teamspace/studios/this_studio/MMOTU-ex/data/raw/OTU_2d/images/620.JPG,0.0019186463579879073,True,149,3.6920904705333117,train,5
/teamspace/studios/this_studio/MMOTU-ex/data/raw/OTU_2d/images/625.JPG,0.0019185099313957937,True,165,0.3115190210162277,train,3
/teamspace/studios/this_studio/MMOTU-ex/data/raw/OTU_2d/images/322.JPG,0.001916011223760907,True,149,0.24611568682392035,train,1
/teamspace/studios/this_studio/MMOTU-ex/data/raw/OTU_2d/images/606.JPG,0.0019144721960154703,True,155,0.3235715481109989,val,3
/teamspace/studios/this_studio/MMOTU-ex/data/raw/OTU_2d/images/341.JPG,0.001913021678922739,True,204,0.3528793811479324,train,1
/teamspace/studios/this_studio/MMOTU-ex/data/raw/OTU_2d/images/594.JPG,0.0019119916485112565,True,141,3.358244069232631,train,1
/teamspace/studios/this_studio/MMOTU-ex/data/raw/OTU_2d/images/112.JPG,0.0019078448390451393,True,152,0.25071153229652915,train,5
/teamspace/studios/this_studio/MMOTU-ex/data/raw/OTU_2d/images/885.JPG,0.0019061897622617264,True,186,0.2801701190221216,train,0
/teamspace/studios/this_studio/MMOTU-ex/data/raw/OTU_2d/images/604.JPG,0.0019025773530321015,True,151,0.2783182513844733,train,6
/teamspace/studios/this_studio/MMOTU-ex/data/raw/OTU_2d/images/109.JPG,0.0019009498845851856,True,162,0.27154852637026805,test,4
/teamspace/studios/this_studio/MMOTU-ex/data/raw/OTU_2d/images/114.JPG,0.0019009313974106443,True,151,0.2476243272039599,val,5
/teamspace/studios/this_studio/MMOTU-ex/data/raw/OTU_2d/images/636.JPG,0.0018997682282761504,True,171,0.31518511884407246,train,2
/teamspace/studios/this_studio/MMOTU-ex/data/raw/OTU_2d/images/1399.JPG,0.0018978933383943823,True,145,0.23311359085292876,train,5
/teamspace/studios/this_studio/MMOTU-ex/data/raw/OTU_2d/images/922.JPG,0.0018975332068311196,True,165,5.76953488648473,train,5
/teamspace/studios/this_studio/MMOTU-ex/data/raw/OTU_2d/images/700.JPG,0.0018965303988335964,True,108,0.2801036719976912,train,6
/teamspace/studios/this_studio/MMOTU-ex/data/raw/OTU_2d/images/1053.JPG,0.0018961653581558617,True,206,0.39775202544935984,train,1
/teamspace/studios/this_studio/MMOTU-ex/data/raw/OTU_2d/images/1247.JPG,0.0018950463135150451,True,135,0.2781782366820356,train,0
/teamspace/studios/this_studio/MMOTU-ex/data/raw/OTU_2d/images/982.JPG,0.0018894782582636578,True,197,0.26571967994246154,train,3
/teamspace/studios/this_studio/MMOTU-ex/data/raw/OTU_2d/images/163.JPG,0.0018879477497703847,True,158,2.527602895114886,test,0
/teamspace/studios/this_studio/MMOTU-ex/data/raw/OTU_2d/images/518.JPG,0.0018861830631096183,True,154,0.30057489826238615,train,2
/teamspace/studios/this_studio/MMOTU-ex/data/raw/OTU_2d/images/491.JPG,0.0018861395362986793,True,122,0.27897943119203256,test,1
/teamspace/studios/this_studio/MMOTU-ex/data/raw/OTU_2d/images/510.JPG,0.0018858708924646569,True,139,2.9630384810695776,train,5
/teamspace/studios/this_studio/MMOTU-ex/data/raw/OTU_2d/images/557.JPG,0.0018841918294849023,True,177,0.3723822380106572,train,5
/teamspace/studios/this_studio/MMOTU-ex/data/raw/OTU_2d/images/1051.JPG,0.0018832391713747645,True,155,0.255896659459693,train,1
/teamspace/studios/this_studio/MMOTU-ex/data/raw/OTU_2d/images/6.JPG,0.0018785234531991588,True,122,0.28761151900416754,train,0
/teamspace/studios/this_studio/MMOTU-ex/data/raw/OTU_2d/images/545.JPG,0.001877412475030414,True,111,0.2655787687178024,train,5
/teamspace/studios/this_studio/MMOTU-ex/data/raw/OTU_2d/images/116.JPG,0.001875775032570989,True,131,0.2417925031786146,train,5
/teamspace/studios/this_studio/MMOTU-ex/data/raw/OTU_2d/images/1086.JPG,0.0018747546132705144,True,200,0.33317955764952234,train,2
/teamspace/studios/this_studio/MMOTU-ex/data/raw/OTU_2d/images/1346.JPG,0.0018705507401781192,True,203,0.3742560986507015,train,0
/teamspace/studios/this_studio/MMOTU-ex/data/raw/OTU_2d/images/1125.JPG,0.0018680228279380096,True,151,0.23492037601241206,test,1
/teamspace/studios/this_studio/MMOTU-ex/data/raw/OTU_2d/images/487.JPG,0.0018675995422994913,True,169,0.4194966302556167,val,2
/teamspace/studios/this_studio/MMOTU-ex/data/raw/OTU_2d/images/365.JPG,0.0018653482360211934,True,201,2.718400247205746,test,1
/teamspace/studios/this_studio/MMOTU-ex/data/raw/OTU_2d/images/969.JPG,0.0018649549684032444,True,175,4.795044036423347,test,2
/teamspace/studios/this_studio/MMOTU-ex/data/raw/OTU_2d/images/1147.JPG,0.0018645567360750014,True,135,0.259565311871852,train,0
/teamspace/studios/this_studio/MMOTU-ex/data/raw/OTU_2d/images/520.JPG,0.001862941032251354,True,107,0.25926455620026895,train,5
/teamspace/studios/this_studio/MMOTU-ex/data/raw/OTU_2d/images/693.JPG,0.0018601488883032158,True,142,0.27539370605064034,train,6
/teamspace/studios/this_studio/MMOTU-ex/data/raw/OTU_2d/images/702.JPG,0.0018565883426619717,True,125,0.2724739235508623,train,6
/teamspace/studios/this_studio/MMOTU-ex/data/raw/OTU_2d/images/1327.JPG,0.0018555153830411351,True,194,0.30314872384590646,test,0
/teamspace/studios/this_studio/MMOTU-ex/data/raw/OTU_2d/images/144.JPG,0.0018527692073658302,True,159,0.30985712223986145,train,5
/teamspace/studios/this_studio/MMOTU-ex/data/raw/OTU_2d/images/649.JPG,0.0018507335838253713,True,155,2.8989588924673466,test,5
/teamspace/studios/this_studio/MMOTU-ex/data/raw/OTU_2d/images/766.JPG,0.001850641652160335,True,132,0.3243451909341692,val,2
/teamspace/studios/this_studio/MMOTU-ex/data/raw/OTU_2d/images/319.JPG,0.0018493480659549008,True,167,6.948039535642687,train,1
/teamspace/studios/this_studio/MMOTU-ex/data/raw/OTU_2d/images/1041.JPG,0.0018468603374263751,True,201,0.2944993511031247,test,1
/teamspace/studios/this_studio/MMOTU-ex/data/raw/OTU_2d/images/1273.JPG,0.001846653414867305,True,177,0.33119888320713775,train,1
/teamspace/studios/this_studio/MMOTU-ex/data/raw/OTU_2d/images/712.JPG,0.0018456145374065828,True,173,0.31147937419351096,train,2
/teamspace/studios/this_studio/MMOTU-ex/data/raw/OTU_2d/images/1237.JPG,0.0018420760374634436,True,196,0.2604568170880687,test,4
/teamspace/studios/this_studio/MMOTU-ex/data/raw/OTU_2d/images/913.JPG,0.001837155057090195,True,175,3.705619969634795,train,5
/teamspace/studios/this_studio/MMOTU-ex/data/raw/OTU_2d/images/242.JPG,0.0018368015474370574,True,168,5.864061086325773,train,5
/teamspace/studios/this_studio/MMOTU-ex/data/raw/OTU_2d/images/1157.JPG,0.0018350398857006787,True,206,0.27216632932491963,train,2
/teamspace/studios/this_studio/MMOTU-ex/data/raw/OTU_2d/images/891.JPG,0.0018306762826595811,True,207,4.542564212057949,test,1
/teamspace/studios/this_studio/MMOTU-ex/data/raw/OTU_2d/images/1203.JPG,0.0018301367724816108,True,215,4.68285953992937,val,5
/teamspace/studios/this_studio/MMOTU-ex/data/raw/OTU_2d/images/1085.JPG,0.001829238147031196,True,178,0.2549809660354971,val,5
/teamspace/studios/this_studio/MMOTU-ex/data/raw/OTU_2d/images/347.JPG,0.0018284508539381102,True,158,2.6000690131124915,train,2
/teamspace/studios/this_studio/MMOTU-ex/data/raw/OTU_2d/images/1014.JPG,0.001827001827001827,True,168,3.8705821205821205,train,5
/teamspace/studios/this_studio/MMOTU-ex/data/raw/OTU_2d/images/287.JPG,0.0018252535183132465,True,155,0.2854602498168871,train,2
/teamspace/studios/this_studio/MMOTU-ex/data/raw/OTU_2d/images/15.JPG,0.0018237901996199948,True,148,0.2521502349620386,train,0
/teamspace/studios/this_studio/MMOTU-ex/data/raw/OTU_2d/images/581.JPG,0.0018233465126098805,True,147,4.503685079267591,train,0
/teamspace/studios/this_studio/MMOTU-ex/data/raw/OTU_2d/images/1071.JPG,0.0018213679577221862,True,176,0.32414238997380307,train,2
/teamspace/studios/this_studio/MMOTU-ex/data/raw/OTU_2d/images/118.JPG,0.0018209586466165413,True,179,0.4009907581453634,val,1
/teamspace/studios/this_studio/MMOTU-ex/data/raw/OTU_2d/images/1406.JPG,0.0018164790353735391,True,143,0.23808752658380972,train,5
/teamspace/studios/this_studio/MMOTU-ex/data/raw/OTU_2d/images/714.JPG,0.0018163475039809068,True,123,0.33618051294406404,val,2
/teamspace/studios/this_studio/MMOTU-ex/data/raw/OTU_2d/images/102.JPG,0.001815524692505287,True,154,0.26472423784156024,test,1
/teamspace/studios/this_studio/MMOTU-ex/data/raw/OTU_2d/images/8.JPG,0.001811544532660679,True,136,0.2671724629563623,train,0
/teamspace/studios/this_studio/MMOTU-ex/data/raw/OTU_2d/images/1158.JPG,0.0018067627098464103,True,190,0.26692165734015955,val,2
/teamspace/studios/this_studio/MMOTU-ex/data/raw/OTU_2d/images/88.JPG,0.0018067235088677735,True,149,0.2392698963963085,train,5
/teamspace/studios/this_studio/MMOTU-ex/data/raw/OTU_2d/images/81.JPG,0.0018064927474629403,True,175,0.2757479332581612,test,0
/teamspace/studios/this_studio/MMOTU-ex/data/raw/OTU_2d/images/1149.JPG,0.0018030970844037995,True,136,0.2518993408285604,train,3
/teamspace/studios/this_studio/MMOTU-ex/data/raw/OTU_2d/images/107.JPG,0.0018028904719674895,True,185,0.2496155457885453,train,5
/teamspace/studios/this_studio/MMOTU-ex/data/raw/OTU_2d/images/1359.JPG,0.0018018018018018018,True,159,3.355929005929006,test,5
/teamspace/studios/this_studio/MMOTU-ex/data/raw/OTU_2d/images/533.JPG,0.0017989746419293285,True,151,3.0367918093968167,test,2
/teamspace/studios/this_studio/MMOTU-ex/data/raw/OTU_2d/images/1256.JPG,0.0017977831846444985,True,192,0.25541845286370835,train,1
/teamspace/studios/this_studio/MMOTU-ex/data/raw/OTU_2d/images/1334.JPG,0.0017931777736520601,True,188,0.23914772735848913,train,2
/teamspace/studios/this_studio/MMOTU-ex/data/raw/OTU_2d/images/1174.JPG,0.0017910567234668455,True,213,0.23862578921563724,train,6
/teamspace/studios/this_studio/MMOTU-ex/data/raw/OTU_2d/images/514.JPG,0.00179084799765615,True,145,2.3979454688615847,train,5
/teamspace/studios/this_studio/MMOTU-ex/data/raw/OTU_2d/images/1282.JPG,0.0017905907882866407,True,189,0.27091410040718794,test,0
/teamspace/studios/this_studio/MMOTU-ex/data/raw/OTU_2d/images/1231.JPG,0.00178917519611359,True,141,4.791009443631183,train,1
/teamspace/studios/this_studio/MMOTU-ex/data/raw/OTU_2d/images/1424.JPG,0.0017791602599223533,True,134,0.25924289465054035,train,7
/teamspace/studios/this_studio/MMOTU-ex/data/raw/OTU_2d/images/647.JPG,0.0017787425194832603,True,124,4.56046594009557,train,0
/teamspace/studios/this_studio/MMOTU-ex/data/raw/OTU_2d/images/772.JPG,0.001778619606393791,True,176,2.7845483384151035,train,1
/teamspace/studios/this_studio/MMOTU-ex/data/raw/OTU_2d/images/335.JPG,0.0017785410288956918,True,185,0.31726722914955574,train,2
/teamspace/studios/this_studio/MMOTU-ex/data/raw/OTU_2d/images/1437.JPG,0.001778182754895289,True,147,0.23818037116921764,test,7
/teamspace/studios/this_studio/MMOTU-ex/data/raw/OTU_2d/images/600.JPG,0.0017748412631774,True,182,0.32603805051204027,train,4
/teamspace/studios/this_studio/MMOTU-ex/data/raw/OTU_2d/images/972.JPG,0.0017735361367929219,True,201,4.04858534645591,val,0
/teamspace/studios/this_studio/MMOTU-ex/data/raw/OTU_2d/images/1141.JPG,0.0017729671011793918,True,192,0.3844545313469894,train,0
/teamspace/studios/this_studio/MMOTU-ex/data/raw/OTU_2d/images/1453.JPG,0.0017716018049071163,True,139,2.5425736177794187,test,7
/teamspace/studios/this_studio/MMOTU-ex/data/raw/OTU_2d/images/531.JPG,0.0017692496595450183,True,139,3.39473057546194,train,5
/teamspace/studios/this_studio/MMOTU-ex/data/raw/OTU_2d/images/1222.JPG,0.0017681599458622662,True,186,0.2445480487359378,val,2
/teamspace/studios/this_studio/MMOTU-ex/data/raw/OTU_2d/images/994.JPG,0.0017679808928303508,True,166,5.299745751371605,train,5
/teamspace/studios/this_studio/MMOTU-ex/data/raw/OTU_2d/images/1457.JPG,0.0017666645373534766,True,159,0.2726951515538663,train,7
/teamspace/studios/this_studio/MMOTU-ex/data/raw/OTU_2d/images/19.JPG,0.001763192668871635,True,155,0.26808152127168805,train,0
/teamspace/studios/this_studio/MMOTU-ex/data/raw/OTU_2d/images/1316.JPG,0.0017616203747590608,True,124,2.4619928429235,train,5
/teamspace/studios/this_studio/MMOTU-ex/data/raw/OTU_2d/images/1063.JPG,0.0017600874291794886,True,135,2.9141410945903194,train,0
/teamspace/studios/this_studio/MMOTU-ex/data/raw/OTU_2d/images/1224.JPG,0.001759122831948423,True,195,0.294355399654458,test,2
/teamspace/studios/this_studio/MMOTU-ex/data/raw/OTU_2d/images/801.JPG,0.0017589591575450697,True,116,0.26181770647104735,test,0
/teamspace/studios/this_studio/MMOTU-ex/data/raw/OTU_2d/images/1442.JPG,0.0017582259858624277,True,151,4.592793266911463,train,7
/teamspace/studios/this_studio/MMOTU-ex/data/raw/OTU_2d/images/1404.JPG,0.0017567085900504098,True,144,0.22938266479179967,train,5
/teamspace/studios/this_studio/MMOTU-ex/data/raw/OTU_2d/images/85.JPG,0.0017565837582658441,True,131,0.247543037282314,train,0
/teamspace/studios/this_studio/MMOTU-ex/data/raw/OTU_2d/images/897.JPG,0.0017528536217664935,True,194,4.076002855615911,train,6
/teamspace/studios/this_studio/MMOTU-ex/data/raw/OTU_2d/images/912.JPG,0.001750529555173654,True,151,2.8319711442388393,train,0
/teamspace/studios/this_studio/MMOTU-ex/data/raw/OTU_2d/images/884.JPG,0.0017486984573125937,True,141,5.8069365038806735,train,5
/teamspace/studios/this_studio/MMOTU-ex/data/raw/OTU_2d/images/542.JPG,0.0017486462093862815,True,180,5.151492930204573,train,5
/teamspace/studios/this_studio/MMOTU-ex/data/raw/OTU_2d/images/1455.JPG,0.001747102917740571,True,128,5.158097074389596,val,7
/teamspace/studios/this_studio/MMOTU-ex/data/raw/OTU_2d/images/1284.JPG,0.0017437343018738367,True,204,0.24119399119399118,train,0
/teamspace/studios/this_studio/MMOTU-ex/data/raw/OTU_2d/images/964.JPG,0.0017430138878848486,True,123,3.9068110074941567,train,5
/teamspace/studios/this_studio/MMOTU-ex/data/raw/OTU_2d/images/962.JPG,0.00174270753926094,True,156,3.7417971696508783,train,5
/teamspace/studios/this_studio/MMOTU-ex/data/raw/OTU_2d/images/661.JPG,0.0017425817425817426,True,167,5.0200378000378,train,5
/teamspace/studios/this_studio/MMOTU-ex/data/raw/OTU_2d/images/122.JPG,0.0017413522012578616,True,154,0.2906643081761006,train,5
/teamspace/studios/this_studio/MMOTU-ex/data/raw/OTU_2d/images/1241.JPG,0.001740385928628568,True,152,4.557376153591009,train,2
/teamspace/studios/this_studio/MMOTU-ex/data/raw/OTU_2d/images/645.JPG,0.001739410116305722,True,131,3.691068933137149,test,0
/teamspace/studios/this_studio/MMOTU-ex/data/raw/OTU_2d/images/608.JPG,0.001739169504439656,True,161,0.3208290353319118,train,3
/teamspace/studios/this_studio/MMOTU-ex/data/raw/OTU_2d/images/387.JPG,0.0017360895565625841,True,153,0.2861837068305502,val,0
/teamspace/studios/this_studio/MMOTU-ex/data/raw/OTU_2d/images/239.JPG,0.0017354596622889307,True,139,5.68755081300813,train,0
/teamspace/studios/this_studio/MMOTU-ex/data/raw/OTU_2d/images/593.JPG,0.0017337432672969787,True,161,5.7148570239718905,train,1
/teamspace/studios/this_studio/MMOTU-ex/data/raw/OTU_2d/images/1138.JPG,0.0017323803295026317,True,155,3.475947164346445,test,0
/teamspace/studios/this_studio/MMOTU-ex/data/raw/OTU_2d/images/1035.JPG,0.0017314990512333965,True,163,0.2816453194180898,test,5
/teamspace/studios/this_studio/MMOTU-ex/data/raw/OTU_2d/images/621.JPG,0.0017297772093184524,True,133,3.310695339618062,val,5
/teamspace/studios/this_studio/MMOTU-ex/data/raw/OTU_2d/images/1239.JPG,0.001728038765075802,True,138,0.21099293938800112,train,4
/teamspace/studios/this_studio/MMOTU-ex/data/raw/OTU_2d/images/1343.JPG,0.0017248762847354396,True,190,0.37109523696231445,train,0
/teamspace/studios/this_studio/MMOTU-ex/data/raw/OTU_2d/images/656.JPG,0.001724150997733973,True,133,3.639307611274053,val,2
/teamspace/studios/this_studio/MMOTU-ex/data/raw/OTU_2d/images/613.JPG,0.001722692630105592,True,135,5.192553199670843,train,1
/teamspace/studios/this_studio/MMOTU-ex/data/raw/OTU_2d/images/1397.JPG,0.0017220413446828542,True,182,0.2870121209743851,train,5
/teamspace/studios/this_studio/MMOTU-ex/data/raw/OTU_2d/images/265.JPG,0.0017217061043740003,True,158,0.33643792008447,test,5
/teamspace/studios/this_studio/MMOTU-ex/data/raw/OTU_2d/images/1072.JPG,0.0017214326276778665,True,137,0.21172236259702845,train,2
/teamspace/studios/this_studio/MMOTU-ex/data/raw/OTU_2d/images/730.JPG,0.0017210572101211692,True,120,3.49770870167277,test,1
/teamspace/studios/this_studio/MMOTU-ex/data/raw/OTU_2d/images/554.JPG,0.0017204448090420198,True,129,5.837674323215751,test,2
/teamspace/studios/this_studio/MMOTU-ex/data/raw/OTU_2d/images/1076.JPG,0.0017177952607675957,True,151,5.125540242687604,test,2
/teamspace/studios/this_studio/MMOTU-ex/data/raw/OTU_2d/images/907.JPG,0.00171150940436693,True,151,4.114178723674622,train,0
/teamspace/studios/this_studio/MMOTU-ex/data/raw/OTU_2d/images/781.JPG,0.0017077551271030332,True,118,3.78102357853371,train,0
/teamspace/studios/this_studio/MMOTU-ex/data/raw/OTU_2d/images/161.JPG,0.0017061320392705547,True,144,3.7630936286693153,train,0
/teamspace/studios/this_studio/MMOTU-ex/data/raw/OTU_2d/images/1091.JPG,0.0017053653417289782,True,177,0.2646085676388707,train,0
/teamspace/studios/this_studio/MMOTU-ex/data/raw/OTU_2d/images/1087.JPG,0.001704980097760836,True,188,0.26385377364606427,train,2
/teamspace/studios/this_studio/MMOTU-ex/data/raw/OTU_2d/images/615.JPG,0.0017024317450976272,True,139,4.883139811490555,train,1
/teamspace/studios/this_studio/MMOTU-ex/data/raw/OTU_2d/images/482.JPG,0.001701810766639511,True,177,0.35313448053538316,train,5
/teamspace/studios/this_studio/MMOTU-ex/data/raw/OTU_2d/images/1038.JPG,0.0016999936670783066,True,160,3.3749841676957666,val,0
/teamspace/studios/this_studio/MMOTU-ex/data/raw/OTU_2d/images/1323.JPG,0.001699185332851963,True,162,0.3316511529345284,test,5
/teamspace/studios/this_studio/MMOTU-ex/data/raw/OTU_2d/images/728.JPG,0.0016983630466905909,True,129,3.468364390028594,train,1
/teamspace/studios/this_studio/MMOTU-ex/data/raw/OTU_2d/images/739.JPG,0.0016976780871825305,True,157,3.8378078919495504,train,2
/teamspace/studios/this_studio/MMOTU-ex/data/raw/OTU_2d/images/1073.JPG,0.0016964916552569286,True,136,0.20269283122502665,val,2
/teamspace/studios/this_studio/MMOTU-ex/data/raw/OTU_2d/images/230.JPG,0.0016960280118174856,True,188,0.3430197114407641,test,5
/teamspace/studios/this_studio/MMOTU-ex/data/raw/OTU_2d/images/1182.JPG,0.0016940109377084167,True,199,0.3042120551924474,train,3
/teamspace/studios/this_studio/MMOTU-ex/data/raw/OTU_2d/images/965.JPG,0.0016894837974864,True,190,0.23103311782557065,train,5
/teamspace/studios/this_studio/MMOTU-ex/data/raw/OTU_2d/images/1046.JPG,0.001689406177621207,True,132,2.5516280970824656,val,0
/teamspace/studios/this_studio/MMOTU-ex/data/raw/OTU_2d/images/264.JPG,0.001688212214528004,True,186,0.2741000109421162,test,2
/teamspace/studios/this_studio/MMOTU-ex/data/raw/OTU_2d/images/1019.JPG,0.001688087357765806,True,190,0.3807618437900128,train,2
/teamspace/studios/this_studio/MMOTU-ex/data/raw/OTU_2d/images/588.JPG,0.0016866913123844733,True,142,4.217802680221811,test,5
/teamspace/studios/this_studio/MMOTU-ex/data/raw/OTU_2d/images/595.JPG,0.001683390802371082,True,132,3.8476695982333116,val,1
/teamspace/studios/this_studio/MMOTU-ex/data/raw/OTU_2d/images/797.JPG,0.0016825639954512752,True,111,0.2470893576860297,val,0
/teamspace/studios/this_studio/MMOTU-ex/data/raw/OTU_2d/images/311.JPG,0.001680329955700392,True,221,0.33969691391148693,train,4
/teamspace/studios/this_studio/MMOTU-ex/data/raw/OTU_2d/images/799.JPG,0.0016784583678585846,True,112,0.24112821760855416,test,0
/teamspace/studios/this_studio/MMOTU-ex/data/raw/OTU_2d/images/627.JPG,0.0016782407407407408,True,189,0.3256172839506173,test,3
/teamspace/studios/this_studio/MMOTU-ex/data/raw/OTU_2d/images/217.JPG,0.001675834466986061,True,177,3.032578222038209,val,5
/teamspace/studios/this_studio/MMOTU-ex/data/raw/OTU_2d/images/158.JPG,0.0016751805253366128,True,120,2.7983417683599785,train,5
/teamspace/studios/this_studio/MMOTU-ex/data/raw/OTU_2d/images/262.JPG,0.0016749695994979013,True,193,0.27861765974973524,val,2
/teamspace/studios/this_studio/MMOTU-ex/data/raw/OTU_2d/images/1181.JPG,0.0016735660682265956,True,195,0.30711413159778334,train,3
/teamspace/studios/this_studio/MMOTU-ex/data/raw/OTU_2d/images/110.JPG,0.0016687958649860021,True,155,0.2186729062285409,train,4
/teamspace/studios/this_studio/MMOTU-ex/data/raw/OTU_2d/images/1287.JPG,0.0016675779114270093,True,185,0.27543587874369724,train,0
/teamspace/studios/this_studio/MMOTU-ex/data/raw/OTU_2d/images/910.JPG,0.001666916504272223,True,185,3.5378184180282815,val,0
/teamspace/studios/this_studio/MMOTU-ex/data/raw/OTU_2d/images/141.JPG,0.0016635279347143755,True,175,0.34467592592592594,train,5
/teamspace/studios/this_studio/MMOTU-ex/data/raw/OTU_2d/images/1011.JPG,0.0016634980988593155,True,181,5.708673954372624,test,4
/teamspace/studios/this_studio/MMOTU-ex/data/raw/OTU_2d/images/236.JPG,0.001663044505338751,True,174,1.3108675338855817,train,2
/teamspace/studios/this_studio/MMOTU-ex/data/raw/OTU_2d/images/1312.JPG,0.0016547619047619048,True,174,4.845773809523809,val,2
/teamspace/studios/this_studio/MMOTU-ex/data/raw/OTU_2d/images/976.JPG,0.0016527487821851078,True,194,4.926950876194091,train,3
/teamspace/studios/this_studio/MMOTU-ex/data/raw/OTU_2d/images/1040.JPG,0.0016519234806859641,True,136,4.252869078131623,train,5
/teamspace/studios/this_studio/MMOTU-ex/data/raw/OTU_2d/images/1357.JPG,0.0016512179182279763,True,119,3.819796826722661,val,1
/teamspace/studios/this_studio/MMOTU-ex/data/raw/OTU_2d/images/1228.JPG,0.001649628252788104,True,188,0.28581552044609665,train,2
/teamspace/studios/this_studio/MMOTU-ex/data/raw/OTU_2d/images/1061.JPG,0.0016489951313516668,True,151,2.1247987716748855,val,1
/teamspace/studios/this_studio/MMOTU-ex/data/raw/OTU_2d/images/1066.JPG,0.0016479542353656732,True,168,4.060168822842865,test,5
/teamspace/studios/this_studio/MMOTU-ex/data/raw/OTU_2d/images/303.JPG,0.0016476577224240777,True,170,0.34484621213593175,train,1
/teamspace/studios/this_studio/MMOTU-ex/data/raw/OTU_2d/images/1090.JPG,0.0016451661380515853,True,199,0.3388607224493993,train,6
/teamspace/studios/this_studio/MMOTU-ex/data/raw/OTU_2d/images/1024.JPG,0.0016440394569469667,True,189,3.784714833155996,train,0
/teamspace/studios/this_studio/MMOTU-ex/data/raw/OTU_2d/images/978.JPG,0.0016434701833223503,True,195,5.182703071780743,train,3
/teamspace/studios/this_studio/MMOTU-ex/data/raw/OTU_2d/images/1186.JPG,0.0016432155274201368,True,195,0.3115596122903599,train,3
/teamspace/studios/this_studio/MMOTU-ex/data/raw/OTU_2d/images/955.JPG,0.0016374538745387453,True,167,0.3477206334563346,train,5
/teamspace/studios/this_studio/MMOTU-ex/data/raw/OTU_2d/images/928.JPG,0.0016371231794061194,True,164,4.689198616106712,test,2
/teamspace/studios/this_studio/MMOTU-ex/data/raw/OTU_2d/images/746.JPG,0.0016369961121342337,True,127,4.456630971056999,val,2
/teamspace/studios/this_studio/MMOTU-ex/data/raw/OTU_2d/images/1007.JPG,0.001629990247585491,True,141,3.110566033284047,test,0
/teamspace/studios/this_studio/MMOTU-ex/data/raw/OTU_2d/images/1026.JPG,0.001629810425221515,True,163,3.987736670337053,train,0
/teamspace/studios/this_studio/MMOTU-ex/data/raw/OTU_2d/images/224.JPG,0.0016238263814068031,True,162,0.18738135549740906,train,6
/teamspace/studios/this_studio/MMOTU-ex/data/raw/OTU_2d/images/915.JPG,0.0016228778508685549,True,194,4.527525899082208,test,6
/teamspace/studios/this_studio/MMOTU-ex/data/raw/OTU_2d/images/737.JPG,0.0016221973811486362,True,151,3.654509595805622,test,2
/teamspace/studios/this_studio/MMOTU-ex/data/raw/OTU_2d/images/1432.JPG,0.0016217779375674113,True,181,5.751989120410173,train,7
/teamspace/studios/this_studio/MMOTU-ex/data/raw/OTU_2d/images/192.JPG,0.0016212406015037595,True,173,4.61828790726817,train,0
/teamspace/studios/this_studio/MMOTU-ex/data/raw/OTU_2d/images/292.JPG,0.0016145092460881935,True,93,3.5255334281650073,val,0
/teamspace/studios/this_studio/MMOTU-ex/data/raw/OTU_2d/images/232.JPG,0.0016107214624725356,True,159,5.160583456483154,train,2
/teamspace/studios/this_studio/MMOTU-ex/data/raw/OTU_2d/images/619.JPG,0.0016099158893480958,True,155,3.6239150769368367,train,1
/teamspace/studios/this_studio/MMOTU-ex/data/raw/OTU_2d/images/233.JPG,0.0016073657927590513,True,159,5.151065074906367,train,2
/teamspace/studios/this_studio/MMOTU-ex/data/raw/OTU_2d/images/278.JPG,0.0016072506605408203,True,194,3.434445733729527,train,6
/teamspace/studios/this_studio/MMOTU-ex/data/raw/OTU_2d/images/212.JPG,0.0016017374779421745,True,147,2.8452810797184354,train,6
/teamspace/studios/this_studio/MMOTU-ex/data/raw/OTU_2d/images/688.JPG,0.0015998031011567808,True,151,0.34371538887521536,train,5
/teamspace/studios/this_studio/MMOTU-ex/data/raw/OTU_2d/images/512.JPG,0.0015993820997306106,True,161,2.964579997362621,test,2
/teamspace/studios/this_studio/MMOTU-ex/data/raw/OTU_2d/images/360.JPG,0.0015968110401417316,True,146,2.39525152687771,test,3
/teamspace/studios/this_studio/MMOTU-ex/data/raw/OTU_2d/images/134.JPG,0.001596564633340674,True,186,0.3256677257998553,train,5
/teamspace/studios/this_studio/MMOTU-ex/data/raw/OTU_2d/images/44.JPG,0.0015926791277258566,True,188,5.153508566978193,train,4
/teamspace/studios/this_studio/MMOTU-ex/data/raw/OTU_2d/images/166.JPG,0.001590626939788951,True,169,5.09118947858473,train,2
/teamspace/studios/this_studio/MMOTU-ex/data/raw/OTU_2d/images/259.JPG,0.001589419499867261,True,197,3.872243081198305,train,2
/teamspace/studios/this_studio/MMOTU-ex/data/raw/OTU_2d/images/20.JPG,0.001588368737443434,True,189,0.46320606725404856,val,6
/teamspace/studios/this_studio/MMOTU-ex/data/raw/OTU_2d/images/657.JPG,0.001587083807666208,True,171,4.84070202501511,test,5
/teamspace/studios/this_studio/MMOTU-ex/data/raw/OTU_2d/images/1033.JPG,0.0015867991136364547,True,154,0.3614255546784528,val,5
/teamspace/studios/this_studio/MMOTU-ex/data/raw/OTU_2d/images/146.JPG,0.0015859962406015037,True,200,0.345281171679198,train,5
/teamspace/studios/this_studio/MMOTU-ex/data/raw/OTU_2d/images/194.JPG,0.001584437131657683,True,173,4.5744626477792325,train,0
/teamspace/studios/this_studio/MMOTU-ex/data/raw/OTU_2d/images/1356.JPG,0.0015834181476552102,True,154,3.2015286150473656,train,1
/teamspace/studios/this_studio/MMOTU-ex/data/raw/OTU_2d/images/1382.JPG,0.001581600327966607,True,188,0.22817903995229577,test,5
/teamspace/studios/this_studio/MMOTU-ex/data/raw/OTU_2d/images/1274.JPG,0.0015784489108702515,True,189,0.2382781377309421,val,5
/teamspace/studios/this_studio/MMOTU-ex/data/raw/OTU_2d/images/40.JPG,0.0015778690133216105,True,160,4.146266887515995,train,0
/teamspace/studios/this_studio/MMOTU-ex/data/raw/OTU_2d/images/553.JPG,0.0015765765765765765,True,165,5.8490202702702705,train,2
/teamspace/studios/this_studio/MMOTU-ex/data/raw/OTU_2d/images/234.JPG,0.001574160447761194,True,173,5.114388992537314,train,2
/teamspace/studios/this_studio/MMOTU-ex/data/raw/OTU_2d/images/132.JPG,0.0015713827034581752,True,156,0.3684741345118704,train,1
/teamspace/studios/this_studio/MMOTU-ex/data/raw/OTU_2d/images/776.JPG,0.0015692085988917115,True,118,2.7683328133588865,test,2
/teamspace/studios/this_studio/MMOTU-ex/data/raw/OTU_2d/images/42.JPG,0.001564450686641698,True,186,5.232120006242197,test,4
/teamspace/studios/this_studio/MMOTU-ex/data/raw/OTU_2d/images/199.JPG,0.0015628243643926723,True,160,0.4399174327378411,test,0
/teamspace/studios/this_studio/MMOTU-ex/data/raw/OTU_2d/images/61.JPG,0.0015624085870526573,True,122,2.836867680511534,train,1
/teamspace/studios/this_studio/MMOTU-ex/data/raw/OTU_2d/images/536.JPG,0.0015616515307555472,True,130,3.059632993165434,train,2
/teamspace/studios/this_studio/MMOTU-ex/data/raw/OTU_2d/images/685.JPG,0.0015606197352587244,True,144,4.41286853188929,test,5
/teamspace/studios/this_studio/MMOTU-ex/data/raw/OTU_2d/images/727.JPG,0.0015600652424017359,True,142,3.7184109543157557,test,2
/teamspace/studios/this_studio/MMOTU-ex/data/raw/OTU_2d/images/255.JPG,0.0015514940888075217,True,180,0.27872591305427125,test,1
/teamspace/studios/this_studio/MMOTU-ex/data/raw/OTU_2d/images/100.JPG,0.0015431552709072966,True,122,0.18841434407054874,val,1
/teamspace/studios/this_studio/MMOTU-ex/data/raw/OTU_2d/images/1121.JPG,0.001541036953596796,True,167,0.2638302199693357,train,5
/teamspace/studios/this_studio/MMOTU-ex/data/raw/OTU_2d/images/980.JPG,0.0015369496855345912,True,167,4.820078616352201,test,5
/teamspace/studios/this_studio/MMOTU-ex/data/raw/OTU_2d/images/1355.JPG,0.0015336348703416814,True,156,3.2765972768249867,train,1
/teamspace/studios/this_studio/MMOTU-ex/data/raw/OTU_2d/images/103.JPG,0.0015318195352044255,True,122,0.19120712080610533,train,1
/teamspace/studios/this_studio/MMOTU-ex/data/raw/OTU_2d/images/527.JPG,0.0015307646356033453,True,189,0.27141203703703703,val,2
/teamspace/studios/this_studio/MMOTU-ex/data/raw/OTU_2d/images/64.JPG,0.0015245577409075926,True,117,0.18339036526598332,val,1
/teamspace/studios/this_studio/MMOTU-ex/data/raw/OTU_2d/images/301.JPG,0.001524390243902439,True,173,0.3456339899937461,test,1
/teamspace/studios/this_studio/MMOTU-ex/data/raw/OTU_2d/images/681.JPG,0.001523984141162459,True,128,6.516740319370661,train,4
/teamspace/studios/this_studio/MMOTU-ex/data/raw/OTU_2d/images/1032.JPG,0.0015232638545885607,True,120,0.1884125259310481,train,0
/teamspace/studios/this_studio/MMOTU-ex/data/raw/OTU_2d/images/220.JPG,0.001522284996861268,True,193,0.2740073760200879,train,0
/teamspace/studios/this_studio/MMOTU-ex/data/raw/OTU_2d/images/241.JPG,0.0015201725728041517,True,158,5.6495513732355835,test,0
/teamspace/studios/this_studio/MMOTU-ex/data/raw/OTU_2d/images/1175.JPG,0.0015199555857134046,True,167,0.20758744062673493,train,6
/teamspace/studios/this_studio/MMOTU-ex/data/raw/OTU_2d/images/284.JPG,0.0015194235588972432,True,183,4.447548558897243,train,5
/teamspace/studios/this_studio/MMOTU-ex/data/raw/OTU_2d/images/369.JPG,0.0015167946867310383,True,200,0.2652176839711899,train,3
/teamspace/studios/this_studio/MMOTU-ex/data/raw/OTU_2d/images/309.JPG,0.0015167296735400181,True,204,1.9386585553097988,train,2
/teamspace/studios/this_studio/MMOTU-ex/data/raw/OTU_2d/images/22.JPG,0.001513732833957553,True,198,0.4198189762796504,train,6
/teamspace/studios/this_studio/MMOTU-ex/data/raw/OTU_2d/images/1317.JPG,0.0015127067365873336,True,176,0.4027562292487666,train,6
/teamspace/studios/this_studio/MMOTU-ex/data/raw/OTU_2d/images/261.JPG,0.0015115914786967418,True,198,0.4430607769423559,train,2
/teamspace/studios/this_studio/MMOTU-ex/data/raw/OTU_2d/images/189.JPG,0.0015112076332646006,True,121,0.20014778865829852,val,0
/teamspace/studios/this_studio/MMOTU-ex/data/raw/OTU_2d/images/1123.JPG,0.0015068770226537218,True,156,2.307787216828479,train,1
/teamspace/studios/this_studio/MMOTU-ex/data/raw/OTU_2d/images/1321.JPG,0.0015057406361754188,True,177,0.3086422598401303,train,6
/teamspace/studios/this_studio/MMOTU-ex/data/raw/OTU_2d/images/98.JPG,0.001504936663161034,True,121,0.19249454534038646,val,1
/teamspace/studios/this_studio/MMOTU-ex/data/raw/OTU_2d/images/188.JPG,0.001503367386140011,True,133,0.19617474342791286,train,0
/teamspace/studios/this_studio/MMOTU-ex/data/raw/OTU_2d/images/667.JPG,0.0015020667678185048,True,152,4.202744789349396,test,1
/teamspace/studios/this_studio/MMOTU-ex/data/raw/OTU_2d/images/675.JPG,0.0015004205842155754,True,120,2.224257680520809,train,0
/teamspace/studios/this_studio/MMOTU-ex/data/raw/OTU_2d/images/1135.JPG,0.0014967186169000228,True,165,0.22186528932560678,val,0
/teamspace/studios/this_studio/MMOTU-ex/data/raw/OTU_2d/images/331.JPG,0.0014959625450432679,True,178,0.192479418185644,train,0
/teamspace/studios/this_studio/MMOTU-ex/data/raw/OTU_2d/images/715.JPG,0.0014917511543770209,True,152,0.35740127721580794,train,0
/teamspace/studios/this_studio/MMOTU-ex/data/raw/OTU_2d/images/314.JPG,0.0014853033145716074,True,182,0.422510162601626,val,0
/teamspace/studios/this_studio/MMOTU-ex/data/raw/OTU_2d/images/502.JPG,0.0014821905541231143,True,148,4.0240585774058575,train,5
/teamspace/studios/this_studio/MMOTU-ex/data/raw/OTU_2d/images/624.JPG,0.0014807082656769503,True,162,0.3421093327147607,test,3
/teamspace/studios/this_studio/MMOTU-ex/data/raw/OTU_2d/images/95.JPG,0.001478381620835262,True,126,2.806531959178404,train,1
/teamspace/studios/this_studio/MMOTU-ex/data/raw/OTU_2d/images/808.JPG,0.0014706477596232983,True,131,4.049554854390452,val,5
/teamspace/studios/this_studio/MMOTU-ex/data/raw/OTU_2d/images/1361.JPG,0.0014686448413509352,True,142,14.796168989523304,train,0
/teamspace/studios/this_studio/MMOTU-ex/data/raw/OTU_2d/images/344.JPG,0.0014672882751928507,True,148,4.6269898874492075,test,1
/teamspace/studios/this_studio/MMOTU-ex/data/raw/OTU_2d/images/959.JPG,0.0014660506292305455,True,167,3.754987803104958,train,5
/teamspace/studios/this_studio/MMOTU-ex/data/raw/OTU_2d/images/373.JPG,0.0014653296019900498,True,171,3.5618897699004974,val,0
/teamspace/studios/this_studio/MMOTU-ex/data/raw/OTU_2d/images/659.JPG,0.0014644778966010489,True,183,5.030901618872465,test,5
/teamspace/studios/this_studio/MMOTU-ex/data/raw/OTU_2d/images/1022.JPG,0.001462837635503384,True,191,0.262454333113733,train,2
/teamspace/studios/this_studio/MMOTU-ex/data/raw/OTU_2d/images/960.JPG,0.0014582146766681612,True,158,3.538905248361023,train,5
/teamspace/studios/this_studio/MMOTU-ex/data/raw/OTU_2d/images/970.JPG,0.0014578865563578413,True,201,4.694083853070219,train,2
/teamspace/studios/this_studio/MMOTU-ex/data/raw/OTU_2d/images/493.JPG,0.0014530495169082125,True,188,0.26403985507246375,train,6
/teamspace/studios/this_studio/MMOTU-ex/data/raw/OTU_2d/images/895.JPG,0.001452020202020202,True,184,3.7859177714646464,test,6
/teamspace/studios/this_studio/MMOTU-ex/data/raw/OTU_2d/images/717.JPG,0.0014507575757575757,True,141,0.36011363636363636,test,0
/teamspace/studios/this_studio/MMOTU-ex/data/raw/OTU_2d/images/168.JPG,0.0014485981308411215,True,167,5.026074766355141,test,2
/teamspace/studios/this_studio/MMOTU-ex/data/raw/OTU_2d/images/683.JPG,0.0014394840889025372,True,120,6.546201681317416,train,4
/teamspace/studios/this_studio/MMOTU-ex/data/raw/OTU_2d/images/732.JPG,0.0014387296995992647,True,161,0.38247612160655636,train,0
/teamspace/studios/this_studio/MMOTU-ex/data/raw/OTU_2d/images/93.JPG,0.0014387150003391707,True,125,2.8569425097689063,train,1
/teamspace/studios/this_studio/MMOTU-ex/data/raw/OTU_2d/images/566.JPG,0.0014375561545372866,True,144,0.3410265049415993,train,5
/teamspace/studios/this_studio/MMOTU-ex/data/raw/OTU_2d/images/94.JPG,0.0014370584203727509,True,116,2.449672950770484,train,1
/teamspace/studios/this_studio/MMOTU-ex/data/raw/OTU_2d/images/968.JPG,0.0014227412285664712,True,187,0.18614072012130264,train,1
/teamspace/studios/this_studio/MMOTU-ex/data/raw/OTU_2d/images/1068.JPG,0.0014100276112869554,True,144,4.328081857364133,train,5
/teamspace/studios/this_studio/MMOTU-ex/data/raw/OTU_2d/images/507.JPG,0.0014096646300587998,True,178,3.9747218019191357,train,5
/teamspace/studios/this_studio/MMOTU-ex/data/raw/OTU_2d/images/120.JPG,0.0014029356134619292,True,174,0.33945961577540523,train,5
/teamspace/studios/this_studio/MMOTU-ex/data/raw/OTU_2d/images/375.JPG,0.0013969913956256219,True,212,4.046728971962617,train,0
/teamspace/studios/this_studio/MMOTU-ex/data/raw/OTU_2d/images/218.JPG,0.001396735718769617,True,169,0.4564893283113622,train,0
/teamspace/studios/this_studio/MMOTU-ex/data/raw/OTU_2d/images/498.JPG,0.0013959820329805563,True,151,4.057427547378784,test,4
/teamspace/studios/this_studio/MMOTU-ex/data/raw/OTU_2d/images/1047.JPG,0.0013903107237220548,True,125,2.4958163931868924,test,0
/teamspace/studios/this_studio/MMOTU-ex/data/raw/OTU_2d/images/562.JPG,0.0013875387154386996,True,163,0.25237944521058936,train,6
/teamspace/studios/this_studio/MMOTU-ex/data/raw/OTU_2d/images/51.JPG,0.0013846993593610848,True,187,6.126563053616402,train,2
/teamspace/studios/this_studio/MMOTU-ex/data/raw/OTU_2d/images/1377.JPG,0.0013842329277938905,True,179,0.22572177859806394,test,1
/teamspace/studios/this_studio/MMOTU-ex/data/raw/OTU_2d/images/125.JPG,0.001383617963314358,True,184,4.9717939595192915,train,2
/teamspace/studios/this_studio/MMOTU-ex/data/raw/OTU_2d/images/1232.JPG,0.00138134159159305,True,120,4.504036198532398,train,1
/teamspace/studios/this_studio/MMOTU-ex/data/raw/OTU_2d/images/505.JPG,0.0013812993321190043,True,140,4.0657673041894355,train,2
/teamspace/studios/this_studio/MMOTU-ex/data/raw/OTU_2d/images/288.JPG,0.001379501577068386,True,77,2.320883158296073,test,2
/teamspace/studios/this_studio/MMOTU-ex/data/raw/OTU_2d/images/734.JPG,0.00137705258781958,True,163,0.38710395819105026,test,0
/teamspace/studios/this_studio/MMOTU-ex/data/raw/OTU_2d/images/1229.JPG,0.001376151240768238,True,116,2.6164419988160055,train,1
/teamspace/studios/this_studio/MMOTU-ex/data/raw/OTU_2d/images/888.JPG,0.0013751669420963568,True,181,4.487336178779628,test,5
/teamspace/studios/this_studio/MMOTU-ex/data/raw/OTU_2d/images/201.JPG,0.0013546793207810156,True,161,0.30616535701281467,train,5
/teamspace/studios/this_studio/MMOTU-ex/data/raw/OTU_2d/images/186.JPG,0.0013471177944862156,True,159,4.163659147869674,test,5
/teamspace/studios/this_studio/MMOTU-ex/data/raw/OTU_2d/images/723.JPG,0.0013453117581001333,True,161,0.35393381216885356,train,0
/teamspace/studios/this_studio/MMOTU-ex/data/raw/OTU_2d/images/995.JPG,0.0013361169102296452,True,173,3.7498997912317327,train,5
/teamspace/studios/this_studio/MMOTU-ex/data/raw/OTU_2d/images/179.JPG,0.0013306538153864164,True,161,3.575661912473416,train,4
/teamspace/studios/this_studio/MMOTU-ex/data/raw/OTU_2d/images/99.JPG,0.0013237091888777283,True,199,0.24603860558916738,test,1
/teamspace/studios/this_studio/MMOTU-ex/data/raw/OTU_2d/images/128.JPG,0.0013127922736852562,True,204,0.1934961195752703,train,5
/teamspace/studios/this_studio/MMOTU-ex/data/raw/OTU_2d/images/653.JPG,0.001309186945859272,True,174,4.21303527636295,train,2
/teamspace/studios/this_studio/MMOTU-ex/data/raw/OTU_2d/images/308.JPG,0.0013038827598591495,True,126,3.9781326368881706,train,2
/teamspace/studios/this_studio/MMOTU-ex/data/raw/OTU_2d/images/983.JPG,0.0012953192894505775,True,183,0.17108571171265827,train,3
/teamspace/studios/this_studio/MMOTU-ex/data/raw/OTU_2d/images/337.JPG,0.0012948273462695056,True,187,7.2365984361228595,test,2
/teamspace/studios/this_studio/MMOTU-ex/data/raw/OTU_2d/images/985.JPG,0.0012911117151399836,True,204,0.1352662257255897,train,3
/teamspace/studios/this_studio/MMOTU-ex/data/raw/OTU_2d/images/655.JPG,0.0012888107791446982,True,205,4.863353104862331,train,2
/teamspace/studios/this_studio/MMOTU-ex/data/raw/OTU_2d/images/1333.JPG,0.0012873985209131188,True,181,5.3145191749278125,test,2
/teamspace/studios/this_studio/MMOTU-ex/data/raw/OTU_2d/images/722.JPG,0.0012852218225419664,True,150,0.34973021582733815,val,0
/teamspace/studios/this_studio/MMOTU-ex/data/raw/OTU_2d/images/708.JPG,0.001284090909090909,True,148,0.34382954545454547,val,2
/teamspace/studios/this_studio/MMOTU-ex/data/raw/OTU_2d/images/992.JPG,0.0012810501548998893,True,148,3.28407414779542,train,2
/teamspace/studios/this_studio/MMOTU-ex/data/raw/OTU_2d/images/690.JPG,0.0012786852996587651,True,118,0.2927886688810369,train,5
/teamspace/studios/this_studio/MMOTU-ex/data/raw/OTU_2d/images/500.JPG,0.001278255695216826,True,141,3.9547541561675836,test,4
/teamspace/studios/this_studio/MMOTU-ex/data/raw/OTU_2d/images/1391.JPG,0.0012772697082715986,True,166,0.3465841877940177,test,2
/teamspace/studios/this_studio/MMOTU-ex/data/raw/OTU_2d/images/704.JPG,0.001272759143669357,True,145,0.2993575233783753,test,5
/teamspace/studios/this_studio/MMOTU-ex/data/raw/OTU_2d/images/300.JPG,0.001265772714686919,True,160,3.809204540959614,val,6
/teamspace/studios/this_studio/MMOTU-ex/data/raw/OTU_2d/images/371.JPG,0.0012601774641666033,True,199,6.802300612642976,train,3
/teamspace/studios/this_studio/MMOTU-ex/data/raw/OTU_2d/images/126.JPG,0.0012526096033402922,True,120,4.314479851892701,train,5
/teamspace/studios/this_studio/MMOTU-ex/data/raw/OTU_2d/images/402.JPG,0.0012511129532406127,True,196,6.904823309078628,train,2
/teamspace/studios/this_studio/MMOTU-ex/data/raw/OTU_2d/images/1169.JPG,0.0012510052720936468,True,182,0.23381884252226492,train,0
/teamspace/studios/this_studio/MMOTU-ex/data/raw/OTU_2d/images/497.JPG,0.0012496528742016106,True,133,4.017375053476137,train,4
/teamspace/studios/this_studio/MMOTU-ex/data/raw/OTU_2d/images/1172.JPG,0.0012472669449413636,True,161,0.21989167163585768,train,6
/teamspace/studios/this_studio/MMOTU-ex/data/raw/OTU_2d/images/1049.JPG,0.0012432103849246035,True,140,4.0969351138302255,val,0
/teamspace/studios/this_studio/MMOTU-ex/data/raw/OTU_2d/images/967.JPG,0.0012422488418402616,True,185,10.05254176081551,train,1
/teamspace/studios/this_studio/MMOTU-ex/data/raw/OTU_2d/images/37.JPG,0.001239317241756781,True,114,4.145111538551758,train,0
/teamspace/studios/this_studio/MMOTU-ex/data/raw/OTU_2d/images/1005.JPG,0.0012316288586774746,True,157,3.635180120801936,train,5
/teamspace/studios/this_studio/MMOTU-ex/data/raw/OTU_2d/images/208.JPG,0.0012178419684683985,True,200,3.8084038877562136,test,0
/teamspace/studios/this_studio/MMOTU-ex/data/raw/OTU_2d/images/49.JPG,0.0012147603976559553,True,200,5.540422066671287,train,2
/teamspace/studios/this_studio/MMOTU-ex/data/raw/OTU_2d/images/971.JPG,0.0012112498522866035,True,150,4.879623429314216,test,2
/teamspace/studios/this_studio/MMOTU-ex/data/raw/OTU_2d/images/747.JPG,0.001208772917145552,True,99,8.12809822369829,train,2
/teamspace/studios/this_studio/MMOTU-ex/data/raw/OTU_2d/images/350.JPG,0.001205046525274541,True,129,4.079770587084695,train,2
/teamspace/studios/this_studio/MMOTU-ex/data/raw/OTU_2d/images/1134.JPG,0.0012016229712858927,True,194,0.2210440074906367,train,3
/teamspace/studios/this_studio/MMOTU-ex/data/raw/OTU_2d/images/586.JPG,0.0011980029569313294,True,141,3.186492841700161,train,2
/teamspace/studios/this_studio/MMOTU-ex/data/raw/OTU_2d/images/1325.JPG,0.0011978391920457214,True,177,0.42478665935958665,train,0
/teamspace/studios/this_studio/MMOTU-ex/data/raw/OTU_2d/images/1000.JPG,0.0011975977482810258,True,161,2.885195261354638,train,2
/teamspace/studios/this_studio/MMOTU-ex/data/raw/OTU_2d/images/30.JPG,0.0011956376864998785,True,130,3.654392106439195,train,0
/teamspace/studios/this_studio/MMOTU-ex/data/raw/OTU_2d/images/917.JPG,0.0011933599316044457,True,131,4.020445441879611,train,2
/teamspace/studios/this_studio/MMOTU-ex/data/raw/OTU_2d/images/151.JPG,0.0011932423559754511,True,138,2.8884190619974914,test,3
/teamspace/studios/this_studio/MMOTU-ex/data/raw/OTU_2d/images/587.JPG,0.0011930627024966647,True,189,4.006235944349152,train,5
/teamspace/studios/this_studio/MMOTU-ex/data/raw/OTU_2d/images/229.JPG,0.0011929431243797466,True,118,0.5774204661733778,train,6
/teamspace/studios/this_studio/MMOTU-ex/data/raw/OTU_2d/images/2.JPG,0.001188660451652063,True,141,3.876636110376169,train,4
/teamspace/studios/this_studio/MMOTU-ex/data/raw/OTU_2d/images/390.JPG,0.0011844109351714625,True,196,0.19778430994207266,train,0
/teamspace/studios/this_studio/MMOTU-ex/data/raw/OTU_2d/images/788.JPG,0.001182080576579885,True,176,5.568967133186817,train,6
/teamspace/studios/this_studio/MMOTU-ex/data/raw/OTU_2d/images/1196.JPG,0.0011806744700648198,True,159,3.025499831890721,train,6
/teamspace/studios/this_studio/MMOTU-ex/data/raw/OTU_2d/images/346.JPG,0.0011784676018964744,True,150,5.61847696720192,train,1
/teamspace/studios/this_studio/MMOTU-ex/data/raw/OTU_2d/images/1332.JPG,0.0011779234349767265,True,65,0.2885057471264368,test,2
/teamspace/studios/this_studio/MMOTU-ex/data/raw/OTU_2d/images/786.JPG,0.0011743827965968996,True,165,4.759285080491824,val,6
/teamspace/studios/this_studio/MMOTU-ex/data/raw/OTU_2d/images/336.JPG,0.0011737928404595072,True,181,0.20116545116545118,val,2
/teamspace/studios/this_studio/MMOTU-ex/data/raw/OTU_2d/images/273.JPG,0.0011716324354723437,True,156,3.5430574920036086,train,2
/teamspace/studios/this_studio/MMOTU-ex/data/raw/OTU_2d/images/155.JPG,0.0011709006747828263,True,124,3.265669348596092,val,5
/teamspace/studios/this_studio/MMOTU-ex/data/raw/OTU_2d/images/892.JPG,0.0011691471545486143,True,149,3.9089388409643884,val,1
/teamspace/studios/this_studio/MMOTU-ex/data/raw/OTU_2d/images/281.JPG,0.0011687120753907088,True,164,4.081655707958559,train,6
/teamspace/studios/this_studio/MMOTU-ex/data/raw/OTU_2d/images/370.JPG,0.001168318427201676,True,180,0.19378120365148002,test,3
/teamspace/studios/this_studio/MMOTU-ex/data/raw/OTU_2d/images/91.JPG,0.0011671898897206794,True,122,1.8821636519052602,train,1
/teamspace/studios/this_studio/MMOTU-ex/data/raw/OTU_2d/images/1384.JPG,0.0011665316424142337,True,154,2.153364830336834,val,5
/teamspace/studios/this_studio/MMOTU-ex/data/raw/OTU_2d/images/921.JPG,0.00116618190859186,True,130,4.6110615609867756,train,6
/teamspace/studios/this_studio/MMOTU-ex/data/raw/OTU_2d/images/754.JPG,0.0011649803099229585,True,171,3.338993991757287,train,2
/teamspace/studios/this_studio/MMOTU-ex/data/raw/OTU_2d/images/275.JPG,0.0011640486983196614,True,177,4.63867145850411,test,5
/teamspace/studios/this_studio/MMOTU-ex/data/raw/OTU_2d/images/755.JPG,0.0011610356437942646,True,142,3.6451608605367793,train,2
/teamspace/studios/this_studio/MMOTU-ex/data/raw/OTU_2d/images/353.JPG,0.0011604716530014812,True,142,3.731515066693103,train,3
/teamspace/studios/this_studio/MMOTU-ex/data/raw/OTU_2d/images/175.JPG,0.0011587417816969433,True,146,4.525130090673978,train,5
/teamspace/studios/this_studio/MMOTU-ex/data/raw/OTU_2d/images/178.JPG,0.0011570054435837902,True,151,3.414285993015043,test,1
/teamspace/studios/this_studio/MMOTU-ex/data/raw/OTU_2d/images/223.JPG,0.0011569086170452913,True,115,0.11158139916682058,val,6
/teamspace/studios/this_studio/MMOTU-ex/data/raw/OTU_2d/images/1225.JPG,0.0011548993927848552,True,189,0.18998690320276224,train,2
/teamspace/studios/this_studio/MMOTU-ex/data/raw/OTU_2d/images/1386.JPG,0.0011546867912078848,True,157,2.281505962936125,test,1
/teamspace/studios/this_studio/MMOTU-ex/data/raw/OTU_2d/images/1235.JPG,0.0011537193714976377,True,145,4.347734550363382,train,0
/teamspace/studios/this_studio/MMOTU-ex/data/raw/OTU_2d/images/572.JPG,0.0011533723794914703,True,193,0.24144122158694742,train,5
/teamspace/studios/this_studio/MMOTU-ex/data/raw/OTU_2d/images/696.JPG,0.001152862880435393,True,107,2.404946829814232,val,6
/teamspace/studios/this_studio/MMOTU-ex/data/raw/OTU_2d/images/1353.JPG,0.0011511676269586111,True,160,3.603639582031535,test,1
/teamspace/studios/this_studio/MMOTU-ex/data/raw/OTU_2d/images/279.JPG,0.0011511521276803308,True,143,3.5854291456109886,train,6
/teamspace/studios/this_studio/MMOTU-ex/data/raw/OTU_2d/images/62.JPG,0.0011504671593919955,True,129,2.514785633492927,train,1
/teamspace/studios/this_studio/MMOTU-ex/data/raw/OTU_2d/images/1219.JPG,0.0011487955320690691,True,174,3.267977668200358,test,4
/teamspace/studios/this_studio/MMOTU-ex/data/raw/OTU_2d/images/388.JPG,0.0011485897063099738,True,152,0.19784405765795704,train,0
/teamspace/studios/this_studio/MMOTU-ex/data/raw/OTU_2d/images/355.JPG,0.0011468647826982812,True,134,3.5718676012642727,train,3
/teamspace/studios/this_studio/MMOTU-ex/data/raw/OTU_2d/images/678.JPG,0.0011455669224211423,True,138,3.1654868469126782,test,0
/teamspace/studios/this_studio/MMOTU-ex/data/raw/OTU_2d/images/1197.JPG,0.001145109525441685,True,139,3.0008860966565916,val,6
/teamspace/studios/this_studio/MMOTU-ex/data/raw/OTU_2d/images/343.JPG,0.0011421314807606871,True,149,3.974460288815761,train,1
/teamspace/studios/this_studio/MMOTU-ex/data/raw/OTU_2d/images/33.JPG,0.0011364834624081734,True,128,3.5734730700284705,train,0
/teamspace/studios/this_studio/MMOTU-ex/data/raw/OTU_2d/images/1083.JPG,0.0011353982074112329,True,176,4.202307854550758,train,2
/teamspace/studios/this_studio/MMOTU-ex/data/raw/OTU_2d/images/298.JPG,0.0011295298040071044,True,155,3.0771507805440437,train,6
/teamspace/studios/this_studio/MMOTU-ex/data/raw/OTU_2d/images/1187.JPG,0.0011289479578884493,True,192,0.18062122004031958,test,3
/teamspace/studios/this_studio/MMOTU-ex/data/raw/OTU_2d/images/914.JPG,0.001126560838224288,True,153,3.763583723953204,train,5
/teamspace/studios/this_studio/MMOTU-ex/data/raw/OTU_2d/images/364.JPG,0.0011255655688378072,True,129,2.403550546437938,train,1
/teamspace/studios/this_studio/MMOTU-ex/data/raw/OTU_2d/images/890.JPG,0.0011228524448014129,True,175,3.9431281230582345,train,5
/teamspace/studios/this_studio/MMOTU-ex/data/raw/OTU_2d/images/1263.JPG,0.001120425334428515,True,138,3.704267907872687,val,2
/teamspace/studios/this_studio/MMOTU-ex/data/raw/OTU_2d/images/92.JPG,0.0011196155076500557,True,120,2.1367491359064985,test,1
/teamspace/studios/this_studio/MMOTU-ex/data/raw/OTU_2d/images/1028.JPG,0.0011191403077034157,True,147,3.014189816625451,val,1
/teamspace/studios/this_studio/MMOTU-ex/data/raw/OTU_2d/images/1003.JPG,0.0011185418460461806,True,148,3.8668620674742185,train,5
/teamspace/studios/this_studio/MMOTU-ex/data/raw/OTU_2d/images/918.JPG,0.0011182954322390298,True,168,4.580960425428135,train,2
/teamspace/studios/this_studio/MMOTU-ex/data/raw/OTU_2d/images/1065.JPG,0.0011107883850000392,True,150,2.991745625534788,val,2
/teamspace/studios/this_studio/MMOTU-ex/data/raw/OTU_2d/images/173.JPG,0.001108469411336156,True,184,4.143517412370206,test,2
/teamspace/studios/this_studio/MMOTU-ex/data/raw/OTU_2d/images/753.JPG,0.00110768619632019,True,139,3.2391227125325144,train,2
/teamspace/studios/this_studio/MMOTU-ex/data/raw/OTU_2d/images/73.JPG,0.0011071926515213648,True,191,3.0315364397214637,train,4
/teamspace/studios/this_studio/MMOTU-ex/data/raw/OTU_2d/images/894.JPG,0.0011060095176602816,True,134,3.8969896613020225,train,1
/teamspace/studios/this_studio/MMOTU-ex/data/raw/OTU_2d/images/807.JPG,0.0011060080966693246,True,137,3.373721477642152,test,5
/teamspace/studios/this_studio/MMOTU-ex/data/raw/OTU_2d/images/916.JPG,0.0011005558402962363,True,176,4.527384769419646,val,2
/teamspace/studios/this_studio/MMOTU-ex/data/raw/OTU_2d/images/1283.JPG,0.0010998280851245582,True,174,0.16339692810846349,train,0
/teamspace/studios/this_studio/MMOTU-ex/data/raw/OTU_2d/images/784.JPG,0.0010992514527918445,True,173,0.2490958559002615,train,4
/teamspace/studios/this_studio/MMOTU-ex/data/raw/OTU_2d/images/1200.JPG,0.0010991704667486343,True,167,3.9245035251272316,train,0
/teamspace/studios/this_studio/MMOTU-ex/data/raw/OTU_2d/images/744.JPG,0.0010976674086975245,True,130,3.4825968773188465,val,2
/teamspace/studios/this_studio/MMOTU-ex/data/raw/OTU_2d/images/804.JPG,0.001087901249035635,True,147,3.7606910223732655,train,0
/teamspace/studios/this_studio/MMOTU-ex/data/raw/OTU_2d/images/1271.JPG,0.0010867722561270947,True,180,0.1623104959798508,train,1
/teamspace/studios/this_studio/MMOTU-ex/data/raw/OTU_2d/images/1388.JPG,0.0010859241646354017,True,134,3.1216450920876975,val,1
/teamspace/studios/this_studio/MMOTU-ex/data/raw/OTU_2d/images/1261.JPG,0.0010773230393508488,True,141,3.8314038681214795,train,2
/teamspace/studios/this_studio/MMOTU-ex/data/raw/OTU_2d/images/1367.JPG,0.0010602617776601872,True,169,3.6056332000062254,train,0
/teamspace/studios/this_studio/MMOTU-ex/data/raw/OTU_2d/images/1285.JPG,0.0010476744961762155,True,169,0.15342594108764077,train,0
/teamspace/studios/this_studio/MMOTU-ex/data/raw/OTU_2d/images/990.JPG,0.0010424145725302487,True,164,4.304502060896158,train,2
/teamspace/studios/this_studio/MMOTU-ex/data/raw/OTU_2d/images/327.JPG,0.001040796483203462,True,171,2.6714565477250183,train,0
/teamspace/studios/this_studio/MMOTU-ex/data/raw/OTU_2d/images/782.JPG,0.0010343690916875372,True,153,3.455251222866756,train,5
/teamspace/studios/this_studio/MMOTU-ex/data/raw/OTU_2d/images/1023.JPG,0.0010302485774183888,True,159,3.892159329140461,train,0
/teamspace/studios/this_studio/MMOTU-ex/data/raw/OTU_2d/images/105.JPG,0.0010278203492146841,True,116,1.427711664845084,train,1
/teamspace/studios/this_studio/MMOTU-ex/data/raw/OTU_2d/images/1435.JPG,0.0010229838203938291,True,139,0.2858161921485012,train,7
/teamspace/studios/this_studio/MMOTU-ex/data/raw/OTU_2d/images/180.JPG,0.0010214064040809205,True,175,3.115712994602818,train,2
/teamspace/studios/this_studio/MMOTU-ex/data/raw/OTU_2d/images/1183.JPG,0.001020360416657233,True,181,0.18833649554497964,val,3
/teamspace/studios/this_studio/MMOTU-ex/data/raw/OTU_2d/images/28.JPG,0.0010134620566835772,True,163,3.606587308096371,val,0
/teamspace/studios/this_studio/MMOTU-ex/data/raw/OTU_2d/images/123.JPG,0.0009985450886013738,True,191,0.2808993146704216,val,5
/teamspace/studios/this_studio/MMOTU-ex/data/raw/OTU_2d/images/1368.JPG,0.0009895150212260674,True,134,3.189236016794592,train,0
/teamspace/studios/this_studio/MMOTU-ex/data/raw/OTU_2d/images/362.JPG,0.0009893963743410283,True,160,2.15187140475511,val,3
/teamspace/studios/this_studio/MMOTU-ex/data/raw/OTU_2d/images/104.JPG,0.000982360314273777,True,120,2.040521343917824,train,1
/teamspace/studios/this_studio/MMOTU-ex/data/raw/OTU_2d/images/1179.JPG,0.0009513050716451632,True,170,0.15635838436688665,train,5
/teamspace/studios/this_studio/MMOTU-ex/data/raw/OTU_2d/images/1259.JPG,0.0009504186016812831,True,158,2.906330966700967,test,2
/teamspace/studios/this_studio/MMOTU-ex/data/raw/OTU_2d/images/1178.JPG,0.0009447556040045609,True,156,0.1620418749765064,test,5
/teamspace/studios/this_studio/MMOTU-ex/data/raw/OTU_2d/images/1389.JPG,0.0009388256565984376,True,136,0.2154237851286925,train,5
/teamspace/studios/this_studio/MMOTU-ex/data/raw/OTU_2d/images/635.JPG,0.0009279523278466755,True,180,0.1943277516441806,train,2
/teamspace/studios/this_studio/MMOTU-ex/data/raw/OTU_2d/images/130.JPG,0.000925118438730054,True,156,2.536160149590277,train,1
/teamspace/studios/this_studio/MMOTU-ex/data/raw/OTU_2d/images/631.JPG,0.0009211918935113371,True,170,0.18118080560891064,train,5
/teamspace/studios/this_studio/MMOTU-ex/data/raw/OTU_2d/images/203.JPG,0.0009121325422942493,True,144,0.23060047415165777,train,5
/teamspace/studios/this_studio/MMOTU-ex/data/raw/OTU_2d/images/904.JPG,0.0009072747209829811,True,171,0.14547339011310892,train,2
/teamspace/studios/this_studio/MMOTU-ex/data/raw/OTU_2d/images/547.JPG,0.0008973438621679827,True,157,0.15553888201766145,train,1
/teamspace/studios/this_studio/MMOTU-ex/data/raw/OTU_2d/images/263.JPG,0.0008928571428571428,True,165,0.27812108395989976,train,2
/teamspace/studios/this_studio/MMOTU-ex/data/raw/OTU_2d/images/164.JPG,0.0008878504672897196,True,203,4.299633956386293,train,2
/teamspace/studios/this_studio/MMOTU-ex/data/raw/OTU_2d/images/378.JPG,0.0008847428425080131,True,148,3.7951897928615224,train,0
/teamspace/studios/this_studio/MMOTU-ex/data/raw/OTU_2d/images/1088.JPG,0.0008834168057874235,True,144,2.403961463550362,val,6
/teamspace/studios/this_studio/MMOTU-ex/data/raw/OTU_2d/images/246.JPG,0.0008831850937114095,True,137,4.645233145233145,val,5
/teamspace/studios/this_studio/MMOTU-ex/data/raw/OTU_2d/images/380.JPG,0.0008816787162757891,True,134,4.3647406884931135,val,2
/teamspace/studios/this_studio/MMOTU-ex/data/raw/OTU_2d/images/713.JPG,0.0008771166782649037,True,125,0.21095743446996057,train,2
/teamspace/studios/this_studio/MMOTU-ex/data/raw/OTU_2d/images/769.JPG,0.0008656645943180924,True,159,0.2299421578657433,train,1
/teamspace/studios/this_studio/MMOTU-ex/data/raw/OTU_2d/images/145.JPG,0.0008519219045534835,True,148,0.21388320072530598,train,5
/teamspace/studios/this_studio/MMOTU-ex/data/raw/OTU_2d/images/750.JPG,0.0008403361344537816,True,116,4.22081043956044,test,6
/teamspace/studios/this_studio/MMOTU-ex/data/raw/OTU_2d/images/1114.JPG,0.0008374100271087152,True,152,3.682302215436388,train,5
/teamspace/studios/this_studio/MMOTU-ex/data/raw/OTU_2d/images/1319.JPG,0.0008372274143302181,True,155,0.22343847352024923,train,6
/teamspace/studios/this_studio/MMOTU-ex/data/raw/OTU_2d/images/1119.JPG,0.0008365368154016155,True,131,3.2277189391935006,train,1
/teamspace/studios/this_studio/MMOTU-ex/data/raw/OTU_2d/images/182.JPG,0.0008233664370866096,True,126,3.3347199188340193,train,2
/teamspace/studios/this_studio/MMOTU-ex/data/raw/OTU_2d/images/773.JPG,0.00082319503656719,True,150,0.19174378704377665,train,1
/teamspace/studios/this_studio/MMOTU-ex/data/raw/OTU_2d/images/221.JPG,0.0008206587153955575,True,160,0.2177676519781783,train,5
/teamspace/studios/this_studio/MMOTU-ex/data/raw/OTU_2d/images/381.JPG,0.0008191190179933144,True,124,4.347684818604143,train,2
/teamspace/studios/this_studio/MMOTU-ex/data/raw/OTU_2d/images/1375.JPG,0.0008155609020103576,True,121,3.5592786558002887,train,4
/teamspace/studios/this_studio/MMOTU-ex/data/raw/OTU_2d/images/805.JPG,0.0008133824432166974,True,202,5.608928023327195,train,0
/teamspace/studios/this_studio/MMOTU-ex/data/raw/OTU_2d/images/666.JPG,0.0008104004554944012,True,108,3.7829777946479406,train,1
/teamspace/studios/this_studio/MMOTU-ex/data/raw/OTU_2d/images/1376.JPG,0.0008066046688176124,True,113,3.6464699183905864,train,4
/teamspace/studios/this_studio/MMOTU-ex/data/raw/OTU_2d/images/244.JPG,0.0008020475802932191,True,134,6.5847634549379,test,5
/teamspace/studios/this_studio/MMOTU-ex/data/raw/OTU_2d/images/197.JPG,0.0007947573353954064,True,115,3.3097542305694523,train,0
/teamspace/studios/this_studio/MMOTU-ex/data/raw/OTU_2d/images/283.JPG,0.0007936321768978755,True,109,4.087252625241413,val,6
/teamspace/studios/this_studio/MMOTU-ex/data/raw/OTU_2d/images/706.JPG,0.0007928340003811702,True,139,0.26506194015627976,test,2
/teamspace/studios/this_studio/MMOTU-ex/data/raw/OTU_2d/images/183.JPG,0.0007750325709890592,True,112,3.374909743042366,train,2
/teamspace/studios/this_studio/MMOTU-ex/data/raw/OTU_2d/images/1380.JPG,0.000772976437611809,True,120,3.2411705618428983,train,1
/teamspace/studios/this_studio/MMOTU-ex/data/raw/OTU_2d/images/1434.JPG,0.0007714598997493735,True,197,5.155521616541353,val,7
/teamspace/studios/this_studio/MMOTU-ex/data/raw/OTU_2d/images/1054.JPG,0.0007699818220786335,True,127,0.2449534438826135,val,3
/teamspace/studios/this_studio/MMOTU-ex/data/raw/OTU_2d/images/599.JPG,0.000764416842155358,True,175,0.1702805439554556,test,4
/teamspace/studios/this_studio/MMOTU-ex/data/raw/OTU_2d/images/235.JPG,0.0007630794147648081,True,162,5.072624915321544,test,2
/teamspace/studios/this_studio/MMOTU-ex/data/raw/OTU_2d/images/313.JPG,0.0007451622971285893,True,194,0.1528480024968789,train,0
/teamspace/studios/this_studio/MMOTU-ex/data/raw/OTU_2d/images/611.JPG,0.0007332709788145982,True,165,0.09181551537825886,train,3
/teamspace/studios/this_studio/MMOTU-ex/data/raw/OTU_2d/images/3.JPG,0.0007285165532985827,True,213,5.03639076537092,train,4
/teamspace/studios/this_studio/MMOTU-ex/data/raw/OTU_2d/images/238.JPG,0.0007278387816062939,True,206,1.4174302663132652,train,2
/teamspace/studios/this_studio/MMOTU-ex/data/raw/OTU_2d/images/568.JPG,0.0007118776603200129,True,166,0.21106988204224053,train,5
/teamspace/studios/this_studio/MMOTU-ex/data/raw/OTU_2d/images/577.JPG,0.0007095880281295633,True,120,4.275768315774142,val,0
/teamspace/studios/this_studio/MMOTU-ex/data/raw/OTU_2d/images/720.JPG,0.0007061279626673216,True,123,0.24629282819599657,train,0
/teamspace/studios/this_studio/MMOTU-ex/data/raw/OTU_2d/images/543.JPG,0.0007010992636583134,True,132,5.237556425368545,train,5
/teamspace/studios/this_studio/MMOTU-ex/data/raw/OTU_2d/images/1330.JPG,0.0006990392882509065,True,141,0.17705880154012935,train,0
/teamspace/studios/this_studio/MMOTU-ex/data/raw/OTU_2d/images/929.JPG,0.0006904987373737374,True,176,7.0424518623737375,train,2
/teamspace/studios/this_studio/MMOTU-ex/data/raw/OTU_2d/images/316.JPG,0.0006892523364485982,True,147,3.6317017133956386,test,1
/teamspace/studios/this_studio/MMOTU-ex/data/raw/OTU_2d/images/310.JPG,0.0006890635766618386,True,122,1.8361374671790782,train,2
/teamspace/studios/this_studio/MMOTU-ex/data/raw/OTU_2d/images/1433.JPG,0.0006685275972883582,True,161,5.652252273384782,test,7
/teamspace/studios/this_studio/MMOTU-ex/data/raw/OTU_2d/images/1418.JPG,0.0006607580216023822,True,71,3.91366976195091,train,7
/teamspace/studios/this_studio/MMOTU-ex/data/raw/OTU_2d/images/1184.JPG,0.0006600513208442724,True,109,0.07716964060576395,train,3
/teamspace/studios/this_studio/MMOTU-ex/data/raw/OTU_2d/images/719.JPG,0.0006486105487320226,True,122,0.22281459486210464,val,0
/teamspace/studios/this_studio/MMOTU-ex/data/raw/OTU_2d/images/555.JPG,0.0006433823529411765,True,170,5.565291819852941,train,2
/teamspace/studios/this_studio/MMOTU-ex/data/raw/OTU_2d/images/779.JPG,0.0006182899321789377,True,159,3.426368157305172,train,0
/teamspace/studios/this_studio/MMOTU-ex/data/raw/OTU_2d/images/1155.JPG,0.0006131495725905569,True,84,0.06862441826743816,val,2
/teamspace/studios/this_studio/MMOTU-ex/data/raw/OTU_2d/images/966.JPG,0.0006039006039006039,True,187,7.053860013860014,val,1
/teamspace/studios/this_studio/MMOTU-ex/data/raw/OTU_2d/images/974.JPG,0.0006010741272715919,True,156,3.8375538624867294,train,0
/teamspace/studios/this_studio/MMOTU-ex/data/raw/OTU_2d/images/1154.JPG,0.0005988436123348017,True,100,0.06948650881057268,train,2
/teamspace/studios/this_studio/MMOTU-ex/data/raw/OTU_2d/images/663.JPG,0.0005786511754561133,True,134,4.533009591237784,val,5
/teamspace/studios/this_studio/MMOTU-ex/data/raw/OTU_2d/images/50.JPG,0.0005749358725372939,True,183,7.557612804725626,train,2
/teamspace/studios/this_studio/MMOTU-ex/data/raw/OTU_2d/images/372.JPG,0.0005396744149818068,True,196,6.3354567945194304,val,3
/teamspace/studios/this_studio/MMOTU-ex/data/raw/OTU_2d/images/791.JPG,0.0005216529696333858,True,142,0.21487730955295214,train,0
/teamspace/studios/this_studio/MMOTU-ex/data/raw/OTU_2d/images/991.JPG,0.00047907157006287144,False,147,4.180951791404702,val,2
/teamspace/studios/this_studio/MMOTU-ex/data/raw/OTU_2d/images/579.JPG,0.00047107450575166774,False,126,4.2653707052441225,train,0
/teamspace/studios/this_studio/MMOTU-ex/data/raw/OTU_2d/images/129.JPG,0.0004115781182364587,False,151,0.06666146280540161,test,5
/teamspace/studios/this_studio/MMOTU-ex/data/raw/OTU_2d/images/1089.JPG,0.0004040857559771018,False,130,1.6578448759681221,train,6
/teamspace/studios/this_studio/MMOTU-ex/data/raw/OTU_2d/images/1337.JPG,0.00038070349489034613,False,76,0.04481815762092579,train,2
/teamspace/studios/this_studio/MMOTU-ex/data/raw/OTU_2d/images/237.JPG,0.0003799082792868579,False,169,1.3070765222945626,val,2
/teamspace/studios/this_studio/MMOTU-ex/data/raw/OTU_2d/images/149.JPG,0.0003700156015236313,False,60,0.047579841678172925,train,1
/teamspace/studios/this_studio/MMOTU-ex/data/raw/OTU_2d/images/152.JPG,0.0003677524118827013,False,66,0.04907027095870348,train,3
/teamspace/studios/this_studio/MMOTU-ex/data/raw/OTU_2d/images/148.JPG,0.00035882082506363464,False,72,0.050242924902325445,train,1
/teamspace/studios/this_studio/MMOTU-ex/data/raw/OTU_2d/images/1430.JPG,0.0003426387923956294,False,69,0.04344880944861997,train,7
/teamspace/studios/this_studio/MMOTU-ex/data/raw/OTU_2d/images/1431.JPG,0.0003386603109285043,False,74,0.04867443242448834,train,7
/teamspace/studios/this_studio/MMOTU-ex/data/raw/OTU_2d/images/1013.JPG,0.00033264033264033264,False,73,2.8896375305070956,train,4
/teamspace/studios/this_studio/MMOTU-ex/data/raw/OTU_2d/images/623.JPG,0.0003325850170449821,False,65,3.8120148469362736,train,3
/teamspace/studios/this_studio/MMOTU-ex/data/raw/OTU_2d/images/147.JPG,0.00032564433315628396,False,69,0.04758359258416167,train,3
/teamspace/studios/this_studio/MMOTU-ex/data/raw/OTU_2d/images/325.JPG,0.0003240381819943793,False,75,5.0822209031882934,train,1
/teamspace/studios/this_studio/MMOTU-ex/data/raw/OTU_2d/images/622.JPG,0.0003235125634146442,False,64,3.2939224971048717,test,3
/teamspace/studios/this_studio/MMOTU-ex/data/raw/OTU_2d/images/1429.JPG,0.00032225378848608056,False,71,0.046308350381253485,val,7
/teamspace/studios/this_studio/MMOTU-ex/data/raw/OTU_2d/images/1420.JPG,0.00032174361204870245,False,72,3.3485213199829595,val,7
/teamspace/studios/this_studio/MMOTU-ex/data/raw/OTU_2d/images/1336.JPG,0.0003194135695918282,False,63,0.045755187244106175,train,2
/teamspace/studios/this_studio/MMOTU-ex/data/raw/OTU_2d/images/1329.JPG,0.0003137618683837171,False,104,0.03433873549419768,test,0
/teamspace/studios/this_studio/MMOTU-ex/data/raw/OTU_2d/images/1173.JPG,0.00031185031185031187,False,180,0.0717008217008217,train,6
/teamspace/studios/this_studio/MMOTU-ex/data/raw/OTU_2d/images/153.JPG,0.00031101705784276006,False,64,0.04545979222777992,test,3
/teamspace/studios/this_studio/MMOTU-ex/data/raw/OTU_2d/images/57.JPG,0.000305218431980466,False,76,4.233157048652506,train,2
/teamspace/studios/this_studio/MMOTU-ex/data/raw/OTU_2d/images/752.JPG,0.0002997354375984463,False,77,4.210868468137817,val,6
/teamspace/studios/this_studio/MMOTU-ex/data/raw/OTU_2d/images/640.JPG,0.0002992305500142491,False,75,0.041748361356511825,train,0
/teamspace/studios/this_studio/MMOTU-ex/data/raw/OTU_2d/images/725.JPG,0.0002979647873512062,False,94,4.947475219890469,train,2
/teamspace/studios/this_studio/MMOTU-ex/data/raw/OTU_2d/images/52.JPG,0.000296340198547933,False,69,4.874201233810065,val,2
/teamspace/studios/this_studio/MMOTU-ex/data/raw/OTU_2d/images/5.JPG,0.00029072974314659216,False,69,3.9746226258986193,train,4
/teamspace/studios/this_studio/MMOTU-ex/data/raw/OTU_2d/images/86.JPG,0.0002781694959628235,False,74,2.6267456251524726,train,0
/teamspace/studios/this_studio/MMOTU-ex/data/raw/OTU_2d/images/1444.JPG,0.00027764700201595864,False,133,7.242369737281554,test,7
/teamspace/studios/this_studio/MMOTU-ex/data/raw/OTU_2d/images/641.JPG,0.00026354627872654437,False,60,0.04488419023523388,test,0
/teamspace/studios/this_studio/MMOTU-ex/data/raw/OTU_2d/images/751.JPG,0.0002599695380326622,False,70,4.983595481523803,train,6
/teamspace/studios/this_studio/MMOTU-ex/data/raw/OTU_2d/images/643.JPG,0.00023740238101480052,False,62,0.03858007159939295,train,0
/teamspace/studios/this_studio/MMOTU-ex/data/raw/OTU_2d/images/1159.JPG,8.861189466999454e-05,False,59,0.04062855370619249,test,2
/teamspace/studios/this_studio/MMOTU-ex/data/raw/OTU_2d/images/1244.JPG,7.086167800453515e-05,False,86,3.429017857142857,train,2
/teamspace/studios/this_studio/MMOTU-ex/data/raw/OTU_2d/images/1124.JPG,6.993333022518533e-05,False,57,0.07416818188882154,train,1
/teamspace/studios/this_studio/MMOTU-ex/data/raw/OTU_2d/images/949.JPG,6.910455519200551e-05,False,57,0.03340454107063988,train,2
/teamspace/studios/this_studio/MMOTU-ex/data/raw/OTU_2d/images/195.JPG,6.657268170426065e-05,False,51,4.454934210526316,test,0
/teamspace/studios/this_studio/MMOTU-ex/data/raw/OTU_2d/images/38.JPG,5.828977791594614e-05,False,54,3.9874171799405445,train,0
/teamspace/studios/this_studio/MMOTU-ex/data/raw/OTU_2d/images/787.JPG,4.94530492750183e-05,False,79,5.64510711530473,train,6
/teamspace/studios/this_studio/MMOTU-ex/data/raw/OTU_2d/images/694.JPG,3.814682713765283e-05,False,44,0.09755288103911958,train,6
/teamspace/studios/this_studio/MMOTU-ex/data/raw/OTU_2d/images/46.JPG,1.9506866416978777e-05,False,44,5.86437265917603,test,2
/teamspace/studios/this_studio/MMOTU-ex/data/raw/OTU_2d/images/680.JPG,1.7819848460008696e-05,False,44,2.421931243896702,val,0
/teamspace/studios/this_studio/MMOTU-ex/data/raw/OTU_2d/images/756.JPG,7.668123610152596e-06,False,41,3.730515297906602,train,2
/teamspace/studios/this_studio/MMOTU-ex/data/raw/OTU_2d/images/1281.JPG,0.0,False,0,0.0,val,0
/teamspace/studios/this_studio/MMOTU-ex/data/raw/OTU_2d/images/383.JPG,0.0,False,29,6.436566873725344,train,3
/teamspace/studios/this_studio/MMOTU-ex/data/raw/OTU_2d/images/1419.JPG,0.0,False,19,3.3354108527131783,test,7
/teamspace/studios/this_studio/MMOTU-ex/data/raw/OTU_2d/images/1338.JPG,0.0,False,11,0.011726107296919619,val,5
/teamspace/studios/this_studio/MMOTU-ex/data/raw/OTU_2d/images/55.JPG,0.0,False,22,4.1146359723002055,test,2
/teamspace/studios/this_studio/MMOTU-ex/data/raw/OTU_2d/images/385.JPG,0.0,False,29,7.85490200979902,train,1
